country,founded,id,industry,linkedin_url,locality,name,region,size,website
brazil,,vRRLkJ4qMMFxMxQW2UsSxAhgoQvB,hospital & health care,linkedin.com/company/climetra-medicina-do-trabalho,imperatriz,climetra medicina do trabalho,maranhão,1-10,climetra.com
brazil,,cCnTla27qnjMZSW5XbiJogy4ihi0,hospital & health care,linkedin.com/company/vila-dos-coelhos,osasco,vila dos coelhos,são paulo,1-10,viladoscoelhos.com.br
brazil,,zBcJNJqM3tWEGxTBkitCNQnIHSa8,hospital & health care,linkedin.com/company/instituto-cleon,sorocaba,instituto cleon,são paulo,51-200,institutocleon.com.br
brazil,,LuYLGCca0XQiq2kPTBviGAfJ1K15,hospital & health care,linkedin.com/company/kawano-odonto,bela vista,kawano odonto,mato grosso do sul,1-10,kawanoodonto.com.br
brazil,,mBgzYzqjMKcDtvhZLfhAuwfhTkvO,hospital & health care,linkedin.com/company/laboratório-bataguassu,bataguassu,laboratório bataguassu,mato grosso do sul,1-10,laboratoriobataguassu.com.br
brazil,,oXI8B11VhokWhrBf1ddT9Q50iDGf,hospital & health care,linkedin.com/company/residencial-geriátrico-morada-da-primavera,porto alegre,residencial geriátrico morada da primavera,rio grande do sul,1-10,residencialmoradaprimavera.negocio.site
brazil,1995,7osumnWx02qBdpuAz0RPBgIjAN1s,hospital & health care,linkedin.com/company/clinica-modine,,clinica modine,são paulo,1-10,clinicamodine.com.br
brazil,,a1ku4WurbzZVq3sBgCbpZA3nbbka,hospital & health care,linkedin.com/company/clin-in-odontologia,pindamonhangaba,clin-in odontologia,são paulo,1-10,clin-in.com
brazil,,4CugMBYWSYCHeJVDUHXsuAujbemV,hospital & health care,linkedin.com/company/radface-servicos-de-radiodiagnostico-odontologico,belem,radface servicos de radiodiagnostico odontologico,pará,11-50,
brazil,1978,IPqMfAZhzib6wd6G1JzGWAw4iC3l,hospital & health care,linkedin.com/company/hospitalportinari,sao paulo,hospital portinari,são paulo,201-500,
brazil,1999,YlTlgLU3PDJ4hgfZC1J0PQWr8MMf,hospital & health care,linkedin.com/company/empresaxpto123,francisco morato,empresaxpto123,são paulo,11-50,
brazil,,RVpKNHfZ8eDDvGlCk2JkmwZT9EF0,hospital & health care,linkedin.com/company/divina-luz-moradia-para-idosos,curitiba,divina luz moradia para idosos,paraná,1-10,divinaluz.negocio.site
brazil,,NvCpXaunUoXCbJb2qosmcw4hPLM3,hospital & health care,linkedin.com/company/clínica-woitas,curitiba,clínica woitas,paraná,11-50,clinicawoitas.com.br
brazil,2007,TSlXvVnYJGeww9V4yXyGWgZVrdWA,hospital & health care,linkedin.com/company/phd-laboratório,americana,patologia phd,são paulo,11-50,patologiaphd.com.br
brazil,,T7GCw1nfQDN0KDaJBwoc1g1vymkr,hospital & health care,linkedin.com/company/mauro-oliveira-plastica-ocular,salvador,mauro oliveira plastica ocular,bahia,1-10,clinicamoliveira.com.br
brazil,,ERCLkuN5BmCuOlkm7YYQZQE1uWbf,hospital & health care,linkedin.com/company/plamef,ubá,plamef,minas gerais,1-10,plamef.com.br
brazil,2016,bp2TL4y6CPU6RyFfy11huQU2puCC,hospital & health care,linkedin.com/company/psijonasfigueiró,curitiba,consultório jonas figueiró,paraná,1-10,jonasfigueiro.com.br
brazil,,4tKcL0cvOyMA4d9PMgs9HgCXVv71,hospital & health care,linkedin.com/company/pedro-buffon-consultoria-em-fase-pré-analítica,porto alegre,consultoria em fase pré-analítica,rio grande do sul,1-10,consultoriaemfasepranaltica.com
brazil,2004,5bKHP6DpRi5IERWih1V8ngj6lpj6,hospital & health care,linkedin.com/company/teclaseroftalmologia,iguatemi,teclaser associação nacional dos hospitais e clínicas oftalmológicas,são paulo,1-10,teclaser.org.br
brazil,,yqvkZrpPr08AhVRCJHIRLAk6Over,hospital & health care,linkedin.com/company/clinica-de-ultrassonografia-meier,rio de janeiro,clinica de ultrassonografia meier,rio de janeiro,1-10,medscan.com.br
brazil,,whoCsYu0xONZ7FRkNb3skAb30URU,hospital & health care,linkedin.com/company/tainara-almeida,sao luis,tainara almeida,maranhão,1-10,logossaude.com
brazil,,T12i7Anej01E2i0frHAtPwpxp4yv,hospital & health care,linkedin.com/company/odonto-select-sitio-cercado,curitiba,odonto select sitio cercado,paraná,1-10,odontoselect.com.br
brazil,,gtmmaCnC1BiJUf8AVTnwCQPzP7Af,hospital & health care,linkedin.com/company/flexnutri,jundiaí,flexnutri,são paulo,1-10,drcesartorres.com.br
brazil,,zJ9ENlcfsTHOH02b49ya4gKgGloh,hospital & health care,linkedin.com/company/imad-diagnóstico-por-imagem,vitória da conquista,imad diagnóstico por imagem,bahia,1-10,imadclinica.com.br
brazil,2020,0C0CEaj9LWvVgN3CMdoBWwpvuLbt,hospital & health care,linkedin.com/company/abrace-sênior,araçatuba,abrace sênior,são paulo,1-10,abracesenior.com.br
brazil,,VyM8eneQKAXCBTMHPCjGFw5ixHcb,hospital & health care,linkedin.com/company/vital-home,curitiba,vital home,paraná,1-10,vitalhome.com.br
brazil,,HwB4SseQ2bXgWINmLrKBLAI6cbZj,hospital & health care,linkedin.com/company/class-centro-clínico,jaraguá do sul,class centro clínico,santa catarina,1-10,classcentroclinico.com.br
brazil,,GY1cruRx1jcAOqFZ0Vxy3Qh37bXF,hospital & health care,linkedin.com/company/ctr---centro-de-tratamento-reviva,praia da bandeira,ctr - centro de tratamento reviva,rio de janeiro,1-10,ctrdependenciaquimica.com.br
brazil,,EapuGjp3cT1ulLQGUGbnvQx8Z7hv,hospital & health care,linkedin.com/company/fabiana-paz,porto alegre,fabiana paz,rio grande do sul,1-10,fabianapazpsicologa.com.br
brazil,,YSJIJioBGE28b9u3XpkpOQdsiS4O,hospital & health care,linkedin.com/company/laboratorio-biomedico,florianópolis,laboratorio biomedico,santa catarina,11-50,laboratoriobiomedico.com.br
brazil,,cqaCLpqhJKwcjmgaec7YkQUOziaf,hospital & health care,linkedin.com/company/oncocipe,,oncocipe,rio de janeiro,1-10,oncocipe.com.br
brazil,,Shel6d6RVfOcECTNZ1LZegKGeWX9,hospital & health care,linkedin.com/company/dra-talissa-chadud,luziânia,dra talissa chadud,goiás,1-10,dratalissachadud.com.br
brazil,2015,v0jnYDbj7taWPg5mU1JFcAMufJRP,hospital & health care,linkedin.com/company/marco-aurelio-quiropraxia,maringá,quiropraxia marco aurelio,paraná,1-10,quiromarcoaurelio.com
brazil,,Bw6N449QegbnOr56BGVgrgtfyhPz,hospital & health care,linkedin.com/company/subllimar,,subllimar,são paulo,1-10,subllimar.com
brazil,,VWhjFjTSTsfPjTvcjTTwAg2MLuDV,hospital & health care,linkedin.com/company/clinica-dos-dentes,botafogo,clinica dos dentes,rio de janeiro,1-10,clinicadosdentes.com.br
brazil,,emknpNFvcUt5b8afNYBzuQeG5seS,hospital & health care,linkedin.com/company/clinica-isabela,goiania,clinica isabela,goiás,1-10,clinicaisabela.com.br
brazil,1972,2xn5XbEjlHnK7BfNNrZqEQfEeaqX,hospital & health care,linkedin.com/company/senne-liquor-diagnostico,sao paulo,senne liquor diagnóstico,são paulo,51-200,senneliquor.com.br
brazil,,UaqKgrSC2V44xFGGA1gIxQc91BYl,hospital & health care,linkedin.com/company/instituto-mineiro-de-odontologia-e-urgências,belo horizonte,instituto mineiro de odontologia e urgências,minas gerais,1-10,
brazil,,YRBgqckdOb1iBirtJZAlsgmnYbuj,hospital & health care,linkedin.com/company/clinica-clini-rio,itapeva,clinica clini-rio,minas gerais,1-10,clinicaclinirio.com.br
brazil,,sQaChtuG2CrCD98WkCGoIA2PPpIr,hospital & health care,linkedin.com/company/clínica-saúde-e-fisio,,clínica saúde e fisio,rio de janeiro,1-10,saudeefisio.com.br
brazil,,mosdFHMKW5kLIibdj2QNOQhcLMkh,hospital & health care,linkedin.com/company/clinica-sollis,,clinica sollis,amapá,1-10,clinicasollis.com.br
brazil,,mm8MWZMVyGaYzEWaNxiBjQ7UyrUz,hospital & health care,linkedin.com/company/laboratório-de-análises-clínicas-vida,birigui,laboratório de análises clínicas vida,são paulo,1-10,
brazil,,sRkHJk7PCaStiS1HBlsWaQbVlsTu,hospital & health care,linkedin.com/company/poliklinik-servicos-medicos,sao paulo,poliklinik servicos medicos,são paulo,1-10,clinicapoli.com.br
brazil,,dxBWCSJuAyBwHLzDfN9c7g7exPEq,hospital & health care,linkedin.com/company/clínica-reabi,salvador,clínica reabi,bahia,1-10,clinicareabi.com
brazil,,RClnN0fgdi5KB2SDJcEEVwzxtOYM,hospital & health care,linkedin.com/company/odontosanta,curitiba,odontosanta,paraná,11-50,
brazil,,nLXiVtiDKUFGhMZ4NeXsQg8wOM6M,hospital & health care,linkedin.com/company/oncofit,belem,oncofit,pará,1-10,oncofit.com.br
brazil,,YhWAerjBsaiA5l7LtbfbVANnPJcf,hospital & health care,linkedin.com/company/laboratório-carlos-ribeiro,fortaleza,laboratório carlos ribeiro,ceará,1-10,
brazil,,WSkbP1fWU6eB4nEv1icczA4eYFQr,hospital & health care,linkedin.com/company/aderme-dermatologia-especializada,,aderme dermatologia especializada,são paulo,1-10,aderme.com.br
brazil,,a3PCAUfIXmUJDmrxOnC9owt7ZoSa,hospital & health care,linkedin.com/company/hg-med,,hg med,são paulo,1-10,hgmed.net
brazil,,SX6ELtUtBsFuaCRY7WPdMg60OoO0,hospital & health care,linkedin.com/company/agevisa,joão pessoa,agevisa,paraíba,1-10,
brazil,,iZN6gSgDNQY45k8wyL5BfA7V7vh9,hospital & health care,linkedin.com/company/oasis-day-clinic,brasília,oasis day clinic,federal district,11-50,clinicaoasisdf.com.br
brazil,,HWzhra7mVExLw09t6bnApwwOrv69,hospital & health care,linkedin.com/company/enfoco-saude-ocupacional,formiga,enfoco saude ocupacional,minas gerais,1-10,robertobrandao.com.br
brazil,,4BflKr8KGIYHq35hZ522qwkoV5io,hospital & health care,linkedin.com/company/oncocirurgia---oncologia-ortopedica-ortopedia-e-traumatologia,,oncocirurgia - oncologia ortopedica ortopedia e traumatologia,são paulo,1-10,oncocirurgia.com.br
brazil,2023,kYDxNjkHq6C6oKmdaBR6qAyh6E5H,hospital & health care,linkedin.com/company/protonsaude,salvador,próton saúde consultoria e inovação,bahia,1-10,protonsaude.com.br
brazil,,bGUJC5Kf8InpCRzY2JMt4wnznfp2,hospital & health care,linkedin.com/company/rigor-odonto,cambuci,rigor odonto,são paulo,1-10,rigorodonto.com
brazil,2021,ovlR7HeiIo5SYUvyMQBVewTWn85c,hospital & health care,linkedin.com/company/neurolife-minas,belo horizonte,neurolife minas,minas gerais,1-10,
brazil,,vl1U21VKA60Olon9ISBs0wcLbfuJ,hospital & health care,linkedin.com/company/kaulike,areado,kaulike,minas gerais,1-10,kaulike.com.br
brazil,,GLR1JRXj7no2wcUhftLKbwDiTxUZ,hospital & health care,linkedin.com/company/terapia-do-feminino,mãe de deus,terapia do feminino,ceará,1-10,terapiadofeminino.com.br
brazil,,dKhZTvC1nkqVouExuSyJ9wq96l97,hospital & health care,linkedin.com/company/montesanti,maceió,montesanti,alagoas,1-10,montesanti.com.br
brazil,,pggndlNmvqJGxqqvU1BabwNCtNVF,hospital & health care,linkedin.com/company/dr.-eliezer-berenstein-clinica-de-atendimento-a-mulher,sao paulo,dr. eliezer berenstein clinica de atendimento a mulher,são paulo,1-10,clinicaberenstein.com.br
brazil,,lmLWnyGP1MfjYjEyQCviEQlJOyy3,hospital & health care,linkedin.com/company/calvice-carecas-prótese-capilar-em-juiz-de-fora,juiz de fora,calvice carecas prótese capilar em juiz de fora,minas gerais,1-10,adeusacalvice.com.br
brazil,,9Mu7cB46jhtqryIKHAwcyAM3IxjM,hospital & health care,linkedin.com/company/pieta-clínica-médica,barueri,pieta clínica médica,são paulo,1-10,pietaclinicamedica.com
brazil,2014,GsqqjeORkH6H4aCKneEbHwS2xxM0,hospital & health care,linkedin.com/company/célula-tecnologia-diagnóstica,osasco,célula tecnologia diagnóstica,são paulo,1-10,celulatecdiag.com.br
brazil,,uC8svxHA5CwX2ZGeHzCjFgI4VjxD,hospital & health care,linkedin.com/company/geriatria-vittorazzi,porto alegre,geriatria vittorazzi,rio grande do sul,1-10,geriatriavittorazzi.com.br
brazil,,5tWzYrqivu3naajXKh67JwUOUkcd,hospital & health care,linkedin.com/company/nutricionista-larissa-alves,bairro jardim são gonçalo,nutricionista larissa alves,são paulo,1-10,nutricionista-larissa-alves.business.site
brazil,,OfN0RuZYuTEZBnaSX7XfeQucgd2h,hospital & health care,linkedin.com/company/ceraji-centro-radiologico-de-ji-parana,ji-paraná,ceraji centro radiologico de ji parana,rondônia,51-200,ceraji.com.br
brazil,,2tjGExBJ2FCW0TwM15LmCQRwnL70,hospital & health care,linkedin.com/company/centro-de-pesquisa-clínica-varginha,petrópolis,centro de pesquisa clínica varginha,rio de janeiro,1-10,cpcvarginha.com.br
brazil,,cWFTG1ytfdP5Ylok1luCGQBECb8b,hospital & health care,linkedin.com/company/laboratorio-luz,rio do sul,laboratorio luz,santa catarina,1-10,laboratorioluz.com.br
brazil,,qtZeESDVkZVZfNwi5J0rmQuzdqxJ,hospital & health care,linkedin.com/company/consultório-odontológico-dra.-simone-koti-k.-cirurgiã-dentista,hortolândia,consultório odontológico dra. simone koti k. cirurgiã dentista,são paulo,1-10,simonekoti.com.br
brazil,,CxKwL5jhYao5GcuaIEiI0wg54umf,hospital & health care,linkedin.com/company/sakano-e-shimoda-servicos-medicos,sao paulo,sakano e shimoda servicos medicos,são paulo,1-10,sakano.com.br
brazil,2016,01id78E97FXKNZGd3B3FfQhJCFUy,hospital & health care,linkedin.com/company/policlinicasaudeja,rio de janeiro,policlínica saúde já,rio de janeiro,11-50,policlinicasaudeja.com.br
brazil,,KmhBHFKBiEQpkGENQEBDKwfs6sCi,hospital & health care,linkedin.com/company/girassol-residencial-para-idosos,fortaleza,girassol residencial para idosos,ceará,11-50,
brazil,,epS6JmPtWcVIVriDFqG2lgOWim9g,hospital & health care,linkedin.com/company/robson-barbosa-lopes,jundiaí,robson barbosa lopes,são paulo,1-10,robson-barbosa-lopes-acupuntura.negocio.site
brazil,,6HatTgZ6qm2PhlDAmescfQIhbATj,hospital & health care,linkedin.com/company/clínica-dentária-sorriso-feliz,campo grande,clínica dentária sorriso feliz,mato grosso do sul,1-10,clinicadentaria-sorrisofeliz.negocio.site
brazil,,D14Hzlc9W87MgYKaUAmwHARSinAp,hospital & health care,linkedin.com/company/isbem---instituto-de-saude-e-bem-estar-da-mulher,sao paulo,isbem - instituto de saude e bem estar da mulher,são paulo,1-10,hormogin.com.br
brazil,,WH1fj0ug67C7uivBdWX0SQyAuCmU,hospital & health care,linkedin.com/company/clinica-holistica-de-ortopedia,,clinica holistica de ortopedia,são paulo,1-10,performancevirtual.com.br
brazil,1992,YwfUGp4SwA2v0YRG3xmEgAEsA0hA,hospital & health care,linkedin.com/company/incorpi,piracicaba,incorpi,são paulo,11-50,incorpi.com.br
brazil,,QPDUPIE6ql9aGFWaFDqo7wwcSCz6,hospital & health care,linkedin.com/company/hospital-sao-francisco-de-assis,santo amaro da imperatriz,hospital sao francisco de assis,santa catarina,1-10,hospitalsaofco.com.br
brazil,2018,oOcX4kTRqqICvmGlqvoeeAh9pmmH,hospital & health care,linkedin.com/company/hospital-metropolitano-dom-jose-maria-pires,sítio rita chaves,hospital metropolitano dom josé maria pires,santa catarina,1001-5000,
brazil,,GSmuxxcAxVsBgJqlgU9ZowLJijZ4,hospital & health care,linkedin.com/company/consórcio-intermunicipal-de-saúde-amunpar,santo antônio do jardim,consórcio intermunicipal de saúde amunpar,são paulo,1-10,consorciodesaude.com.br
brazil,,mSBaVvTKjbhBDxBhCZ7S3QAuwkse,hospital & health care,linkedin.com/company/angiohealth-cirurgia-vascular,osasco,angiohealth cirurgia vascular,são paulo,1-10,angiohealth.com.br
brazil,2018,Gfko7RQMVBEdALsFOn6fYABgE9e1,hospital & health care,linkedin.com/company/newformmed,,newform - medicina e saúde,são paulo,11-50,
brazil,,ARivVbYufmLIRBrSCBNHGA5QyqIC,hospital & health care,linkedin.com/company/clinicordis-brasilia,centro,clinicordis brasília,mato grosso do sul,1-10,
brazil,,DeiCNZVNBr0nWW5YjrElgQhWyp9X,hospital & health care,linkedin.com/company/instituto-de-olhos-de-maceió,maceió,instituto de olhos de maceió,alagoas,1-10,iom-al.com.br
brazil,,qqh3ZXccGyUMCq3gXUqrRAxLEsqF,hospital & health care,linkedin.com/company/mj-planos-de-saúde-e-odontológico,joão pessoa,mj planos de saúde e odontológico,paraíba,1-10,mjplanosdsaude.wixsite.com
brazil,,oFpgRCHEBCFWw47AP6YunAT1iVKY,hospital & health care,linkedin.com/company/pro-kids-clínica,joão pessoa,pro kids clínica,paraíba,1-10,prokidsclinica.com.br
brazil,,GMPB7QuZPvPfMODoL9Fg7AgW607A,hospital & health care,linkedin.com/company/prado-diagnósticos,goiania,prado diagnósticos,goiás,1-10,prado-diagnosticos.business.site
brazil,,ugk78CctpzP5mBVklpUxGgXBejKQ,hospital & health care,linkedin.com/company/clínica-odontológica-dental-rio,salvador,clínica odontológica dental rio,bahia,1-10,clinicadentalrio.com
brazil,,h7AuSBCtfiHQwloWI1uo3Agjaybh,hospital & health care,linkedin.com/company/ortoccenter-produtos-ortopedicos-e-hospitalares,açailandia,ortoccenter produtos ortopedicos e hospitalares,maranhão,1-10,ortoccenter-produtos-ortopedicos-e.negocio.site
brazil,,5O2IVbQmxf76SFhQgAYaawjcXDJM,hospital & health care,linkedin.com/company/higia-centro-médico,ituiutaba,higia centro médico,minas gerais,1-10,higiacentromedico.com.br
brazil,,ZW3eseO14fXp6VQHo6B2KwtLChk6,hospital & health care,linkedin.com/company/nl-assistencia-medica,goiania,nl assistencia medica,goiás,11-50,visusco.com.br
brazil,,7YwyizpyWxPivChIZAJGUQEJ63BF,hospital & health care,linkedin.com/company/s.o.s.-vida-resgate,nova friburgo,s.o.s. vida resgate,rio de janeiro,1-10,sosvidaresgate.com.br
brazil,,9my9GxnBg5ABBfZIwJRVsATUewbt,hospital & health care,linkedin.com/company/odonto-familia,,odonto familia,são paulo,1-10,odontofamilia.com.br
brazil,2021,DBlCXYC9QxZklxAOlnQn2QR9nRPq,hospital & health care,linkedin.com/company/erik-porto-fisioterapia-domiciliar,,erik porto - fisioterapia,são paulo,1-10,erikportofisioterapia.com.br
brazil,,AbmQSv6uPHeVCYh4PO4Acw3IqzEQ,hospital & health care,linkedin.com/company/fundaçao-hospital-adriano-jorge,manaus,fundaçao hospital adriano jorge,amazonas,1-10,fhaj.am.gov.br
brazil,,5rcQPfhsfAq5C8UNSwh2JgTRkKpY,hospital & health care,linkedin.com/company/criesp-bioclinico-e-ou-lego,leme,"criesp, bioclinico e / ou lego",são paulo,1-10,criesp.com.br
brazil,,fmsNXb5rxqVUStoYyzCwmwWcVYFj,hospital & health care,linkedin.com/company/comunidade-terapêutica-missão-shalon,são tiago,comunidade terapêutica missão shalon,minas gerais,1-10,missaoshalon.org.br
brazil,,MaOpdZm4C9BHJ4vB2Hq8ow8kZqAE,hospital & health care,linkedin.com/company/geriatria-no-lar,recife,geriatria no lar,pernambuco,1-10,geriatrianolar.com.br
brazil,1997,GVMU0zb4uteZDQRlIIeZfgCiQTFF,hospital & health care,linkedin.com/company/nova-climet,franco da rocha,nova climet - clínica de medicina do trabalho ltda.,são paulo,1-10,nova-climet-clinica-de-medicina-do-trabalho-ltda.negocio.site
brazil,,C7nDzRC6c4xraV6cqiZxNw9YOH1l,hospital & health care,linkedin.com/company/iged,,iged,são paulo,1-10,valedoarete.com.br
brazil,,fR7eERiY6nB4ijRlnGtOpguNRTle,hospital & health care,linkedin.com/company/consultório-marcos-albuquerque-ortodontia-e-ortopedia-facial,enseada do jenipapo,consultório marcos albuquerque ortodontia e ortopedia facial,amazonas,1-10,albuquerqueortodontia.com.br
brazil,,ZMCbrqw6zCjIHoSB9BecGQHeWpi7,hospital & health care,linkedin.com/company/centro-medico-transwork,pereira barreto,centro medico transwork,são paulo,1-10,centromedicotranswork.com.br
brazil,,B6dugOFZjPz68xU5UIbtlwelbTkr,hospital & health care,linkedin.com/company/nutri-gi-mattos,barra da tijuca,nutri gi mattos,rio de janeiro,1-10,giselle-mattos.negocio.site
brazil,,IdWwPiNDTLpCi2BLVgjhWQ5LideA,hospital & health care,linkedin.com/company/uroway-urologia,pari,uroway urologia,são paulo,1-10,uroway.com
brazil,,vgL3GBiTZ6IM7lgYPykXpgp7lfz0,hospital & health care,linkedin.com/company/clincardio,jequié,clincardio,bahia,1-10,clincardio-clinica-cardiologica-de-jequie.negocio.site
brazil,,ug5JYVN1nqtcaRatlno4tg5XxEvQ,hospital & health care,linkedin.com/company/graziela-cervilla---nutricionista,parque vermont,graziela cervilla - nutricionista,são paulo,1-10,grazielacervillanutri.negocio.site
brazil,,LSCS66vCW2IpDyKDXBup0g7OuTsn,hospital & health care,linkedin.com/company/genoa-biotecnologia-s.a.,sao paulo,genoa biotecnologia s.a.,são paulo,1-10,
brazil,,Mrxi9t6uRsofd8FCl9XQ1wkJ4SSs,hospital & health care,linkedin.com/company/clr-servicos-medicos,,clr servicos medicos,são paulo,1-10,pizzariadonatellos.com.br
brazil,,MK7aJPbYOdClnQroRewW9QQ6HExF,hospital & health care,linkedin.com/company/hospital-beneficente-nossa-senhora-de-fátima,flores da cunha,hospital beneficente nossa senhora de fátima,rio grande do sul,1-10,hospiserra.com.br
brazil,,q26FovArbxEJ6ofmqLdL9Q8EqNvX,hospital & health care,linkedin.com/company/clinica-ville,vila velha,clinica ville,espírito santo,1-10,clinicaville.com.br
brazil,,Kihys91SPFUPoSCDUoXMWwD3pz8H,hospital & health care,linkedin.com/company/elaudos,uberlândia,elaudos telerradiologia,minas gerais,11-50,elaudos.com
brazil,,XWJ7fXBaK1u5cFqyUrYB3QWApNY5,hospital & health care,linkedin.com/company/cendro---documentacao-e-radiologia-cranio-facial,blumenau,cendro - documentacao e radiologia cranio facial,santa catarina,1-10,
brazil,,EQ61SmWTKyVB8zRiAGaT9wOUlMtf,hospital & health care,linkedin.com/company/magnolia-servicos-odontologicos,sao paulo,magnolia servicos odontologicos,são paulo,1-10,magnoliaodontologia.com.br
brazil,,ekGJWwqnRf8UCcZH6dAzMwPlCwBb,hospital & health care,linkedin.com/company/instituto-paulo-reis-de-medicina,goiania,instituto paulo reis de medicina,goiás,1-10,pauloreis.com.br
brazil,,uN9rNs1xM7A8wdTYlT29Hg6Xutpw,hospital & health care,linkedin.com/company/clinica-reumatologica-caio-moreira,belo horizonte,clinica reumatologica caio moreira,minas gerais,1-10,alphaairsoft.com.br
brazil,,FgKsDNdhy6P4SrG9fhFf2wZDWLfX,hospital & health care,linkedin.com/company/gastrus,fortaleza,gastrus,ceará,11-50,gastrus.com.br
brazil,,lmen2vxsWpc0cYqGkfJKDglR0gsa,hospital & health care,linkedin.com/company/oncocito---analises-citopatologicas-ltda,jacareí,oncocito - analises citopatologicas ltda,são paulo,1-10,oncocito.com.br
brazil,,vZCYl27InI3072KCgA0S7g6GDhof,hospital & health care,linkedin.com/company/dr-juliano-–-cirurgião-de-coluna,,dr juliano – cirurgião de coluna,são paulo,1-10,
brazil,,y18yvTugYulhQcGiBBChKggilkK2,hospital & health care,linkedin.com/company/oral-im-bitri---clinica-odontologica,campinas,oral im bitri - clinica odontologica,são paulo,11-50,
brazil,,jGyOBpCoXFC6uVSVsmGSlQfZUacm,hospital & health care,linkedin.com/company/luciana-tertuliano,belo horizonte,luciana tertuliano,minas gerais,1-10,lucianatertuliano.com.br
brazil,,Zp0t0D5I3DBqIlEr6wtpkQK036R1,hospital & health care,linkedin.com/company/unicolon,campina grande,unicolon,paraíba,1-10,unicolon.com.br
brazil,,0Ns0r6Tx0D2AsjgB7OwRDwUFyGkT,hospital & health care,linkedin.com/company/leda-piffer-odontologia,lote ideal,leda piffer odontologia,mato grosso do sul,1-10,leda-piffer-odontologia.business.site
brazil,,HlbqC7w1hADtMC24aEv7Twgt0izn,hospital & health care,linkedin.com/company/resiliência-medicina-e-saúde,florianópolis,resiliência medicina e saúde,santa catarina,1-10,
brazil,1902,we5kZAEqzbvnUWJOBCUSMAkLqbou,hospital & health care,linkedin.com/company/stacasass,são simão,santa casa misericórdia de são simão,são paulo,51-200,santacasasaosimao.com.br
brazil,,p5sxDPADTEzNrv3dZQ6rZgq0Ahfz,hospital & health care,linkedin.com/company/cesc-clínica-de-especialistas,palhoça,cesc clínica de especialistas,santa catarina,1-10,clinicadeespecialistassc.com.br
brazil,1972,1bU6OSCg0plFWWCnwqdvUA8D7ty7,hospital & health care,linkedin.com/company/hemopac-hemoterapia-e-patologia-clinica-de-maceio,maceió,hemopac - laboratório,alagoas,51-200,hemopac.com
brazil,,wqj3AC3I6YUrtCfl3cmPqg4AtHWw,hospital & health care,linkedin.com/company/etica-grupo-odontologico,belo horizonte,etica grupo odontologico,minas gerais,1-10,clinicaetica.com.br
brazil,,2T5PtC0wkOetGICKVknpVQjtmNSJ,hospital & health care,linkedin.com/company/cim-expandida-sul,anchieta,cim expandida sul,espírito santo,1-10,cimexpandidasul.com.br
brazil,,UvwBWgIQCqaNCXcC6CF0RgXS8woM,hospital & health care,linkedin.com/company/espaço-zen-leopoldina,americana,espaço zen leopoldina,são paulo,1-10,espacozenleopoldina.com.br
brazil,,fkETEMlpBUXiTW7XOynA8QRCUiSm,hospital & health care,linkedin.com/company/chang-e-felicio-servicos-em-saude-sociedade-simples,sítio da saúde,chang e felicio servicos em saude sociedade simples,são paulo,1-10,andrefelicio.com.br
brazil,,L158cyHgucyVinnCYYdLwgdPd98M,hospital & health care,linkedin.com/company/consultorio-medico-de-ginecologia-e-obstetricia-vera-lucia-guerreiro-harfush,salvador,consultorio medico de ginecologia e obstetricia vera lucia guerreiro harfush,bahia,51-200,clinicaidem.com.br
brazil,2018,0mfxEF4gdAp4gADpwRvEqgUBA23s,hospital & health care,linkedin.com/company/anestcare,belo horizonte,anestcare assistencial,minas gerais,11-50,anestcare.com.br
brazil,,sfUZdwcZu7VXQWBMTEcZOgmK1amp,hospital & health care,linkedin.com/company/hospital-canto-do-forte-oftalmologia,porto do mangue,hospital canto do forte-oftalmologia,rio grande do norte,1-10,vismedoftalmologia.com.br
brazil,,mBa3CguISdytcWonhpQyXw1k7enO,hospital & health care,linkedin.com/company/casa-de-repouso-analia-franco,santo antônio do jardim,casa de repouso analia franco,são paulo,1-10,casaderepousoanaliafranco.com.br
brazil,,zgqdwZnFxSJWCVW9oLApaA3h6MAL,hospital & health care,linkedin.com/company/pronto-socorro-dentário,,pronto socorro dentário,são paulo,1-10,prontosocorrodentario.com.br
brazil,2021,yQMKp3l3dQdgksUdDcFZ0wZlokDd,hospital & health care,linkedin.com/company/linharesmedicalcenter,três barras,lmc - hospital linhares medical center,espírito santo,201-500,lmchospital.com.br
brazil,,CvGl9YuyJbm1DY5fud6ybgqdhVMF,hospital & health care,linkedin.com/company/goi---grupo-de-otorrinolaringologia-integrada-centro-de-medicina-amyn-daher-segundo-andar-,goiania,"goi - grupo de otorrinolaringologia integrada (centro de medicina amyn daher, segundo andar)",goiás,1-10,goi.med.br
brazil,,BuoXTHbEYtQNcJiwvKZXTwOiwjpZ,hospital & health care,linkedin.com/company/ortoservice---ortopedia-e-servicos,natal,ortoservice - ortopedia e servicos,rio grande do norte,1-10,ortoclinnatal.com.br
brazil,,j7Z26PqLqFN5atR3V2TkNQBcr9rk,hospital & health care,linkedin.com/company/labac-saúde,japeri,labac saúde,rio de janeiro,1-10,labacsaude.com.br
brazil,,Ey9YxTmK4wvUWXeaACJfAQgfcaVk,hospital & health care,linkedin.com/company/laboratório-hemoclin,iporá,laboratório hemoclin,goiás,1-10,laboratoriohemoclin.com.br
brazil,,1bSS1tZBA85DffF6Ua6WSQYbRC1k,hospital & health care,linkedin.com/company/hoffmed,curitiba,hoffmed,paraná,1-10,hoffmed.com.br
brazil,,m6Kf95afEqn0s8pmIe6ZRwYBNEkP,hospital & health care,linkedin.com/company/laboratorio-aldilene-barbosa,serra talhada,laboratorio aldilene barbosa,pernambuco,1-10,labaldilenebarbosa.com.br
brazil,,g4dFddDViAlk6kZuoi1YtwQLqorg,hospital & health care,linkedin.com/company/odonto-excellence-guaramirim,joão monlevade,odonto excellence guaramirim,minas gerais,1-10,odontoexcellenceguaramirim.negocio.site
brazil,,iE7BxACgNp33uYJhnWcvvQM57dsL,hospital & health care,linkedin.com/company/univida-ocupacional,canoas,univida ocupacional,rio grande do sul,1-10,unividaocupacional.com.br
brazil,,AExCv2AjLEfEbpgRNyWOwQQ9RXIU,hospital & health care,linkedin.com/company/médico-clínico-geral,paranavaí,médico clínico geral,paraná,1-10,irineuumberto-librenza.com
brazil,2019,7HBC4QCA6MBESbhwFkuWtQQZFzdW,hospital & health care,linkedin.com/company/clínica-sensi,vitória da conquista,clínica sensi,bahia,51-200,clinicasensi.com.br
brazil,2017,kH27wZUwlLTzGcWgCZm62wDc6joo,hospital & health care,linkedin.com/company/instituto-de-fisioterapia-e-saúde-integrada-ysi,brasília,instituto de fisioterapia e saúde integrada ysi,federal district,11-50,institutoysi.com
brazil,,8BNvV3MKiSzqtjtK9CfsjweTSIaA,hospital & health care,linkedin.com/company/hemovitta,franco da rocha,hemovitta,são paulo,1-10,hemovitta.com.br
brazil,2022,iX0QUXRFld5t3kcKhP16mwxwapB0,hospital & health care,linkedin.com/company/aquariusmed,,aquarius,são paulo,1-10,aquariusmed.com.br
brazil,,JeZi2ZXJ1yxsHdcKNyaVPwdkkRyH,hospital & health care,linkedin.com/company/heisei-assistencia-medica,,heisei assistencia medica,são paulo,1-10,sempresaude.med.br
brazil,,NElQ7YqSKwueSXwdCStBygKRlqjb,hospital & health care,linkedin.com/company/med-lab-medicina,,med lab medicina,rio de janeiro,1-10,medlabmedicina.com.br
brazil,,fhn1DIQJZaPce1CnG3jWKQxJdhZj,hospital & health care,linkedin.com/company/residencial-d-villa-mathilde,americana,residencial d villa mathilde,são paulo,1-10,residencialdvillamathilde.com.br
brazil,,XC3cLLSjsvlEbV8R7Qf5zQNUlBpr,hospital & health care,linkedin.com/company/psialternativas,méier,psialternativas,rio de janeiro,1-10,psialternativas.com
brazil,,rbymFzDY0QzjEdl344Io6wBwJQdO,hospital & health care,linkedin.com/company/ergus-laboratório-veterinário,boa vista,ergus laboratório veterinário,roraima,1-10,erguslab.com.br
brazil,2020,MOzBNPoGOk8DOU9CPzvd4AyBGUKI,hospital & health care,linkedin.com/company/hospital-hilda-strenger-ribeiro,nova mutum,hospital hilda strenger ribeiro,mato grosso,201-500,
brazil,,cwiLzfDy6ABBVbsilXqhjgpeFcSU,hospital & health care,linkedin.com/company/ig-odontologia-especializada,guedes,ig odontologia especializada,são paulo,1-10,igodontologiaespecializada.com.br
brazil,2011,A7gQ5UWwaIsknC4ot5RJGgvVIyyT,hospital & health care,linkedin.com/company/bio-análisesap,santo antônio da platina,bio análise laboratório,paraná,11-50,
brazil,,cNLCLO1S6p1XgZDwGVPQZQWs8hoJ,hospital & health care,linkedin.com/company/cides-centro-interdisciplinar-de-educacao-em-saude-e-treinamento,sao paulo,centro interdisciplinar de educacao em saude [cides],são paulo,11-50,ciedes.com.br
brazil,,JImdO1o1c1QCecNHuT0rdApgoaL1,hospital & health care,linkedin.com/company/md-odontologia-especializada,,md odontologia especializada,são paulo,1-10,mdodontologiaespecializada.com.br
brazil,,3dOkcmKQDFOqF5mbxGyf5QGVHoyA,hospital & health care,linkedin.com/company/dra-manoela-de-david-dornelles,porto alegre,dra manoela de david dornelles,rio grande do sul,1-10,dermatomanoela.com.br
brazil,,sQjhMHQGUjAqPkrnI7m3Ig08EA9P,hospital & health care,linkedin.com/company/hospital-dia-santa-maria,monteiro,hospital dia santa maria,paraíba,1-10,hdiasantamaria.com.br
brazil,,H1mAQEXzJmF2BpQXq6fJkgDWTodx,hospital & health care,linkedin.com/company/dela-diagnósticos,,dela diagnósticos,são paulo,1-10,deladiagnosticos.com.br
brazil,,hiXejGYPzAeLgHMXgvPaQAdZaa8M,hospital & health care,linkedin.com/company/dr.-anderson-brito-hepatologia,gávea,dr. anderson brito hepatologia,rio de janeiro,1-10,drandersonbrito.com.br
brazil,,J4ejgKBspqCtl7dziBQyZQXgVHeY,hospital & health care,linkedin.com/company/nathalie-saliés,sítio da saúde,nathalie saliés,são paulo,1-10,nathaliepsicologa.com.br
brazil,,tHKnL7lMDTtfbq2HriUplQeeHIXO,hospital & health care,linkedin.com/company/vitta-radioterapia-porto-alegre,porto alegre,vitta radioterapia porto alegre,rio grande do sul,11-50,vittaradio.com.br
brazil,,8GizQEC2BGmFt59RTHXYkAVOQmih,hospital & health care,linkedin.com/company/clinica-ortho,cascavel,clínica ortho,paraná,11-50,ortho.med.br
brazil,,nQNLc6kzPmNfkzbUm0tOzgXxQWcr,hospital & health care,linkedin.com/company/inemprp,ribeirao preto,inemprp,são paulo,1-10,inemp.med.br
brazil,,f6tATUCMLYEQ5a3NMPoiCQwOFFDI,hospital & health care,linkedin.com/company/centro-de-analises-clinicas-dr.-vandique-sociedade-simples,joão pessoa,centro de analises clinicas dr. vandique sociedade simples,paraíba,1-10,vandique.com.br
brazil,,znTJfIWK3BRVIIxOKOJMQA4kgOp9,hospital & health care,linkedin.com/company/cardioin,recife,cardioin,pernambuco,11-50,cardioin.com.br
brazil,,BfMRXbuiydq24UkpO1tZgw50iIa0,hospital & health care,linkedin.com/company/santa-casa-de-iúna,iúna,santa casa de iúna,espírito santo,1-10,santacasadeiuna.org.br
brazil,,zaPGrDB2jZn192oZBmcvkg8vwiUy,hospital & health care,linkedin.com/company/psicóloga-nathalia-rezende,uberaba,psicóloga nathalia rezende,minas gerais,1-10,psicologanathaliarezende.com
brazil,,DznA02fnhUKlzhRmw6jegQhgSyr3,hospital & health care,linkedin.com/company/popdentes,fortaleza,popdentes,ceará,1-10,newsmileconsultoria.com.br
brazil,,A66fhsnHq24n5jsMIZln9Qd7rhgz,hospital & health care,linkedin.com/company/clínica-dedicali,cabo frio,clínica dedicali,rio de janeiro,1-10,clinicadedicali.com
brazil,,SlJcxJ0bYJxwIqSQ41ZtoA3qhY3j,hospital & health care,linkedin.com/company/consultorio-da-mulher,,consultorio da mulher,são paulo,1-10,consultoriodamulher.com.br
brazil,,7gMBKmXaZNLWOlHCWybB4w6gKCOw,hospital & health care,linkedin.com/company/acesso-saúde-araucária,araucária,acesso saúde araucária,paraná,1-10,acessosaudearaucaria.com.br
brazil,,MpnwTgkTvPdzhCoNAtzMhQ3tUTqd,hospital & health care,linkedin.com/company/hipnose-clínica,santa isabel,hipnose clínica,são paulo,1-10,hipnoseclinicaviamao.com.br
brazil,,RDDo4uSfjqGcdOaXuR7O7QApEh1j,hospital & health care,linkedin.com/company/cotrel---ortopedia-e-traumatologia,cabo frio,cotrel - ortopedia e traumatologia,rio de janeiro,1-10,cotrelortopedia.com
brazil,,BjHpHWhuct8BqerZEcP5hQmyQok2,hospital & health care,linkedin.com/company/animal-labor,piracicaba,animal labor,são paulo,1-10,animallabor.com.br
brazil,,HF6H9kCjSmqxxsnTIz9g8A5abu9E,hospital & health care,linkedin.com/company/clínica-renata-viegas-dentistas-especializados,vila flores,clínica renata viegas dentistas especializados,rio grande do sul,1-10,clinicarenataviegas.com.br
brazil,,bhYzSEgBpxeNHLaSC8ZlKAmOk9cC,hospital & health care,linkedin.com/company/dra-lauren-morais,curitiba,dra lauren morais,paraná,1-10,dralaurenmorais.com.br
brazil,1992,SbUzOQa9CzGBmbFIdd89CwvyHj2l,hospital & health care,linkedin.com/company/laboratório-annalab,curitiba,laboratório annalab,paraná,11-50,annalab.com.br
brazil,,80zL6k7uB2LOnT3hONgXTwnNCaTd,hospital & health care,linkedin.com/company/prime-diagnóstico-por-imagem,luís antônio,prime diagnóstico por imagem,são paulo,1-10,primediagnostico.com
brazil,2009,VERf8ySh5BXxWswzVIJntwCpieC4,hospital & health care,linkedin.com/company/hospital-varginha,varginha,hospital varginha,minas gerais,51-200,hospitalvarginha.com.br
brazil,2023,oDgpkcGJIMFnZM2aeDJLuQkQs2HM,hospital & health care,linkedin.com/company/auditoriamedicametodopcls,,auditoria médica - método pcls,rio de janeiro,1-10,novaeramedica.com.br
brazil,,ogBGXDJtj7vjOhieUktgeQMSFcdx,hospital & health care,linkedin.com/company/hgupv,porto velho,hgupv,rondônia,1-10,
brazil,,BC9WMvtKIIS1osYIFEuL6w4oMUkI,hospital & health care,linkedin.com/company/dr.nilo-jorge-leão---urologista,salvador,dr.nilo jorge leão - urologista,bahia,1-10,nilojorge.com
brazil,,MtAQiC2WpwGc1hmm1z6kBgckEKgb,hospital & health care,linkedin.com/company/clinica-andre-werkhaizer,nova lima,clinica andre werkhaizer,minas gerais,1-10,clinicaandrewerk.com.br
brazil,,dpjGGCNghcAM10OOJ2rYlAWhVYLx,hospital & health care,linkedin.com/company/labpetro,cidade universitária,labpetro,rio de janeiro,1-10,alfa.cepetro.unicamp.br
brazil,,pgg0Cjo9twUCCGhC4rCVYwvaIFNX,hospital & health care,linkedin.com/company/clínica-dr.-cyro-masci,itaim bibi,clínica dr. cyro masci,são paulo,1-10,masci.com.br
brazil,,x2ECDCAFLfKKSG9iFazcPQotyvpD,hospital & health care,linkedin.com/company/hospital-são-paulorp,ribeirao preto,hospital são paulo - ribeirão preto,são paulo,501-1000,
brazil,,0EmIkjHwUCHWZkCW4QW6rw5AbaTG,hospital & health care,linkedin.com/company/fundação-de-neurologia-e-neurocirurgia,salvador,fundação de neurologia e neurocirurgia,bahia,1-10,fundacaodeneurologia.com
brazil,1942,W1oVtob7brEuOPsbv2Bi6gxw7sQ9,hospital & health care,linkedin.com/company/servi-os-m-dicos-de-anestesia-sma---hospital-s-rio-liban-s-hospital-alem-o-oswaldo-cruz-e-hospital,sao paulo,sma - serviços médicos de anestesia,são paulo,201-500,sma.com.br
brazil,,zo1zyarac5X1yKzOBZgRqwadZk7P,hospital & health care,linkedin.com/company/rio-3d,rio do sul,rio 3d,santa catarina,1-10,rio3d.com.br
brazil,2018,cPQutLOIvk4H8UW9g2F6NgPV8nsa,hospital & health care,linkedin.com/company/cerradioncologia,santa bárbara d’oeste,cer radioncologia,são paulo,11-50,cerradioncologia.com.br
brazil,,Ph3A61aLNbnIuI1Vqe9NMg0d9F1L,hospital & health care,linkedin.com/company/instituto-de-infectologia-emílio-ribas-ensino,vila doutor laurindo,instituto de infectologia emílio ribas,são paulo,501-1000,emilioribas.org
brazil,2016,HenuBa7cnpVCeZ63XZGaOguovyhN,hospital & health care,linkedin.com/company/enat-espaço-novo-artes-e-terapia,,espaço novo arte & terapias,rio de janeiro,1-10,
brazil,,tX9RhzOmm5En8p5m87uDngA8OVd4,hospital & health care,linkedin.com/company/cplástica-brasília,,cplástica brasília,,1-10,cplasticabrasilia.com.br
brazil,,wDvlIFB0m1wQ7eEbgRtK7g0YrVB6,hospital & health care,linkedin.com/company/clisan-odonto,sao paulo,clisan odonto,são paulo,1-10,clisanodonto.com.br
brazil,,CmAHxnz8Ks6yoR4GW6lc1wbXUNr5,hospital & health care,linkedin.com/company/odonto-excellence---assis,assis,odonto excellence - assis,são paulo,1-10,odonto-excellence-assis.negocio.site
brazil,,bvBDl6IgofimyuscszzRawJbtpw4,hospital & health care,linkedin.com/company/young-soul-cirurgia-plastica,florianópolis,young soul cirurgia plastica,santa catarina,1-10,youngsoul.com.br
brazil,,KWz716BEebS1Ds0BTAQJdggrbtZj,hospital & health care,linkedin.com/company/santa-casa-de-misericordia-de-juiz-de-fora,juiz de fora,santa casa de misericordia de juiz de fora,minas gerais,501-1000,
brazil,,iAaReRjqI4kwBy7yY3CkSQKTa9SU,hospital & health care,linkedin.com/company/ultramedical-2020.-direitos,campo bom,ultramedical 2020. direitos,rio grande do sul,1-10,
brazil,,auvg20ZT5OrgE0ylrsCCygWXSZV3,hospital & health care,linkedin.com/company/cura-e-luz,belo horizonte,cura e luz,minas gerais,1-10,curaeluz.com
brazil,,xdikhSCYddtpwx6TOU9KygpnPOIP,hospital & health care,linkedin.com/company/dr-marcelo-tostes,ribeirao preto,dr marcelo tostes,são paulo,1-10,drmarcelotostes.com.br
brazil,,wawkHfSI8N5lL2ENXRr7XAfbIqF3,hospital & health care,linkedin.com/company/clínica-lena-tuppan,nova iguaçu,clínica lena tuppan,rio de janeiro,1-10,lenatuppan.com.br
brazil,,pHawz6SzZlDCmuoqB1c6dwHsWLp1,hospital & health care,linkedin.com/company/vitta-in-core-intervencoes-cardiovasculares,araras,vitta in core intervencoes cardiovasculares,são paulo,1-10,vittaincore.com.br
brazil,2013,6zfPsTnx50xY6Rf1Yd2paQpeDiSk,hospital & health care,linkedin.com/company/rede-medical,palmas,rede medical,tocantins,201-500,
brazil,,IQXsflHnIvYwEjboEN0BJwMaEWeN,hospital & health care,linkedin.com/company/foco-diagnóstico,pedro leopoldo,foco diagnóstico,minas gerais,1-10,laboratoriofocodiagnostico.com.br
brazil,,BPCC0LLl8bHUQZofx5BwIgwd4zJZ,hospital & health care,linkedin.com/company/clinica-nossa-senhora-de-guadalupe,coari,clinica nossa senhora de guadalupe,amazonas,1-10,clinica-guadalupe.blogspot.com
brazil,,0rsAWWct4uluEcLiQIzZkg77PFQr,hospital & health care,linkedin.com/company/clínica-ortovisão,maravilha,clínica ortovisão,santa catarina,1-10,clinica-ortovisao.negocio.site
brazil,,R4J9dJwGMuEjHQMvnccKbwGtMO3Q,hospital & health care,linkedin.com/company/endovitti-medicina-especializada,itapema,endovitti medicina especializada,santa catarina,1-10,
brazil,,vbGiAg0eDP64qqNCc7ffdw5frtB3,hospital & health care,linkedin.com/company/dantas-odontologia---dentista-no-imirim,vila nova cachoeirinha,dantas odontologia - dentista no imirim,são paulo,1-10,dantasodontologia.com.br
brazil,,a90FSaQ7J2Udn0l3Gc5vgQUsNiE6,hospital & health care,linkedin.com/company/oralblue-odontologia,manaus,oralblue odontologia,amazonas,1-10,oralblue-odontologia.negocio.site
brazil,,T7SraRfhPtk1Gan5G8HDwQE58ijb,hospital & health care,linkedin.com/company/santa-casa-de-santa-fé-do-sul,santa fé,santa casa de santa fé do sul,mato grosso do sul,1-10,santacasasantafe.com.br
brazil,,dvqYpieNXP7I5uoxVy2fmgsQiqUl,hospital & health care,linkedin.com/company/xiiis-clinicas-odontologicas,fortaleza,xiiis clinicas odontologicas,ceará,1-10,xiiis.com.br
brazil,2000,U7theLHrbDGOEuwYu9o8aguKBLfZ,hospital & health care,linkedin.com/company/takahashi-macedo-odontologia-multidisciplinar,,"takahashi, macedo odontologia multidisciplinar",são paulo,1-10,tmodontologia.odo.br
brazil,2010,auxj8btZEqGWjd7fvOYlnQWnHbQx,hospital & health care,linkedin.com/company/climagemcentrodediagnóstico,goianésia,climagemcentrodediagnóstico,goiás,11-50,
brazil,,gEitYUzAUrRwgpxCTZO23g81Ok1z,hospital & health care,linkedin.com/company/medicina-nuclear-regional,são josé de mipibu,medicina nuclear regional,rio grande do norte,11-50,
brazil,,uodMWdiWIh0VARw8tE0wpgovg1y1,hospital & health care,linkedin.com/company/clínica-renata-rabelo,araguaína,clínica renata rabelo,tocantins,1-10,clinicarenatarabelo.com.br
brazil,2024,D4glauUVQBrBwlekIRvDdgMAmx5x,hospital & health care,linkedin.com/company/clínica-ramar,são josé de ubá,clínica ramar,rio de janeiro,1-10,instagram.com/clinicaramar
brazil,,n7g8IPXkZapa7G4lUMctFgDLpOQz,hospital & health care,linkedin.com/company/laboratório-delta-londrina-medicina-laboratorial,londrina,laboratório delta londrina medicina laboratorial,paraná,1-10,labdeltalondrina.com.br
brazil,,XAYIWRNEZaVIUyTw7oTLyAqF7TsK,hospital & health care,linkedin.com/company/anchieta-espaço-convivência-para-idosos,brasília,anchieta espaço convivência para idosos,federal district,1-10,anchietaespacoconvivencia.com.br
brazil,,bDERs5WQB59lrkkUzicYOAHv5Wdc,hospital & health care,linkedin.com/company/radiograf-machado,machado,radiograf machado,minas gerais,1-10,radiograf.com.br
brazil,,2CnCFqdYnQSQVKIgACoVzgoYGxls,hospital & health care,linkedin.com/company/odonto-excellence---valença,valença,odonto excellence - valença,rio de janeiro,1-10,odonto-excellence-valenca-rj.negocio.site
brazil,,HZZcxAaXcKR0TmC2StwM3gL86igV,hospital & health care,linkedin.com/company/adriano-lenz,porto alegre,adriano lenz,rio grande do sul,1-10,adrianolenz.com.br
brazil,,JQVongL2Ax5pFKJgrSdt9Q9Jm3eO,hospital & health care,linkedin.com/company/caroline-oliveira,,caroline oliveira,são paulo,1-10,dracarolinecunhadeoliveira.com.br
brazil,,7DkcFuWkBwXAVfmLvJjEOAyZQn2N,hospital & health care,linkedin.com/company/comparin---odontologia-especializada,chapecó,comparin - odontologia especializada,santa catarina,1-10,comparinodontologia.com.br
brazil,,mjlcSoRQFBIwX2IDZeHnYw3Twb50,hospital & health care,linkedin.com/company/ambulatorio-medico-de-especialidades-de-itu---ame-itu,itu,ambulatorio medico de especialidades de itu - ame itu,são paulo,1-10,ameitu.org.br
brazil,,IwvIc1mGlDcQXDtbN9JFyQUwft4c,hospital & health care,linkedin.com/company/fundação-dom-bosco,belo horizonte,fundação dom bosco,minas gerais,1-10,fundacaodombosco.org
brazil,,vL7eevTDy9lXgARC5G2OSgCCziVT,hospital & health care,linkedin.com/company/laboratorio-brasil,itapetininga,laboratorio brasil,são paulo,1-10,laboratoriobrasilitape.com.br
brazil,,8bhMufrboiSoCKRQflRdKQGCjXpa,hospital & health care,linkedin.com/company/prodont-cliníca-odontológica---dentistas-em-são-josé-dos-pinhais,são josé dos campos,prodont cliníca odontológica - dentistas em são josé dos pinhais,são paulo,1-10,prodont-odontologia-seu-dentista-em-sao-jose-dos.negocio.site
brazil,,GC1t85a3N9HzfBijNCZMKAav346S,hospital & health care,linkedin.com/company/biotomo,jundiaí,biotomo,são paulo,1-10,biotomo.com.br
brazil,2021,1e8NNvuJRDybxOUmSXdVOA1zq3VR,hospital & health care,linkedin.com/company/clínica-renata-ralha,,clínica renata ralha - dermatologia avançada,rio de janeiro,1-10,clinicarenataralha.com
brazil,,yeXaUJGHqGQGq1gyStpWjASBkUW4,hospital & health care,linkedin.com/company/clinica-são-germano,vila nova conceição,clinica são germano,são paulo,1-10,saogermanooncologia.com.br
brazil,,xMV6Sh1dNCxj77ClLlBhqgIabChd,hospital & health care,linkedin.com/company/coach-marcelo-miranda,barbacena,coach marcelo miranda,minas gerais,1-10,coachmarcelomiranda.com.br
brazil,,LeBf78CvpAERY6vMkaWHLgmaYVmp,hospital & health care,linkedin.com/company/laboratório-blauth,sapiranga,laboratório blauth,rio grande do sul,1-10,laboratorioblauth.com.br
brazil,,I2Zewt2X58i6xHFLRfYMpwf987nx,hospital & health care,linkedin.com/company/jonatas-cavalcante,goiania,jonatas cavalcante,goiás,1-10,jonatascavalcante.amawebs.com
brazil,1965,b5d7QXZbFDLpa6McwGIHNgZweUx4,hospital & health care,linkedin.com/company/oculistas-associados-do-rio-de-janeiro,rio de janeiro,oculistas associados do rio de janeiro,rio de janeiro,51-200,
brazil,,xRFcheS0lg6aMrKtoi6DNAAeFWst,hospital & health care,linkedin.com/company/proenfe-–-procedimentos-de-enfermagem,joinvile,proenfe – procedimentos de enfermagem,santa catarina,1-10,proenfe.com.br
brazil,,jB1dECAzH08UD7NqByOQkABCsXEU,hospital & health care,linkedin.com/company/dr.-fernando-terra-referência-em-estética-dental,goiania,dr. fernando terra referência em estética dental,goiás,1-10,fernandoterra.com.br
brazil,,c94jY3effbWWfd2ewLp6xwvPBQur,hospital & health care,linkedin.com/company/hemocell-laboratorio-de-citologia-e-analises-clinicas,lavras,hemocell laboratorio de citologia e analises clinicas,minas gerais,51-200,hemocell.com.br
brazil,,7BpIu2FZ385dgGEqzBPnSA1U18iA,hospital & health care,linkedin.com/company/tesla-imagem,jacobina,tesla imagem,bahia,1-10,teslaimagem.com
brazil,,vNRBRUp5ikOC9G9bbfUEXgRBC4ve,hospital & health care,linkedin.com/company/otorrino-fisio-center,montes claros,otorrino fisio center,minas gerais,11-50,otorrinofisiocenter.com.br
brazil,,GdKBThu4q6ZWj4qlDyyE0Q3ehOaU,hospital & health care,linkedin.com/company/sinapse-diagnóstico,,sinapse diagnóstico,,1-10,sinapsediagnostico.com.br
brazil,,kV2wCB44DOm3A61uZWcabwB7iJYl,hospital & health care,linkedin.com/company/ws-centro-clínico,brasília,ws centro clínico,federal district,1-10,ws-centro-clinico.negocio.site
brazil,,g7Z5in0tlRzljwcBmsz0eAnNTbhm,hospital & health care,linkedin.com/company/living-odontologia,cuiabá,living odontologia,mato grosso,1-10,espacoliving.com
brazil,2018,RQPIqgqD0c8quKbnPN7PBw9vcATr,hospital & health care,linkedin.com/company/prómais-clínica-médica,balneário camboriú,prómais clínica médica,santa catarina,1-10,promais.med.br
brazil,,IkiqC6DYCfcdTtETuvuo4wOG3RLZ,hospital & health care,linkedin.com/company/clínica-scapin,porto alegre,clínica scapin,rio grande do sul,1-10,clinicascapin.com.br
brazil,,EKHXFBvCkouHjdO6lQ344A6tPiuB,hospital & health care,linkedin.com/company/clinica-neurocirurgica-osaka,sao paulo,clinica neurocirurgica osaka,são paulo,1-10,clinicaosaka.com.br
brazil,,xyrlhNeHRdYx9nGwL1CxRg2fAF7W,hospital & health care,linkedin.com/company/centro-de-documentacao-de-radiografia-odontologica---crodort,belo horizonte,centro de documentacao de radiografia odontologica - crodort,minas gerais,1-10,crodort.com.br
brazil,2004,t5IViAqDHFMWbYLCzoZXZQQmMcRf,hospital & health care,linkedin.com/company/central-de-consultas,porto alegre,central de consultas - clínica popular,rio grande do sul,51-200,centraldeconsultas.med.br
brazil,,tbgNCvjtvCGiBnYI3lYZyAscfIlz,hospital & health care,linkedin.com/company/pilon-vida-e-saúde,são josé dos campos,pilon vida e saúde,são paulo,1-10,pilonvidaesaude.com.br
brazil,,xF5T0XqcCzeH4sjaxDFdXgndeCZh,hospital & health care,linkedin.com/company/uromed-imperatriz,imperatriz,uromed imperatriz,maranhão,1-10,uromedimperatriz.com.br
brazil,1962,ceClIUGWBh37CngP882fKgiN2zsD,hospital & health care,linkedin.com/company/hospitaldeamor,barretos,hospital de amor,são paulo,1001-5000,hospitaldeamor.com.br
brazil,,3v8VYXeigCBCtY3aK3EEOgHvi0Zd,hospital & health care,linkedin.com/company/laboratório-uniclin,santa cruz do capibaribe,laboratório uniclin,pernambuco,1-10,laboratoriouniclin.com.br
brazil,,NQocmk5vQJ4mhOTYCjsQRAqTzExq,hospital & health care,linkedin.com/company/clínica-urológica-dr.-henrique-b.-alves,medianeira,clínica urológica dr. henrique b. alves,paraná,1-10,uromedianeira.com.br
brazil,,ZwppkzVZoe7XFJwDnuVRMAkpHY9S,hospital & health care,linkedin.com/company/tamaki-servicos-medicos,carapicuíba,tamaki servicos medicos,são paulo,1-10,vistaclin.com.br
brazil,2016,SH5EERvrB48wtLIAAlKyLA40YrVl,hospital & health care,linkedin.com/company/clínica-neuro-concept,curitiba,clínica neuro concept,paraná,51-200,
brazil,2019,9hfy3oup3S3xnydCHBMa7w1hLHFi,hospital & health care,linkedin.com/company/dra-dálete-cintra,fazenda rio grande,dra dálete cintra,paraná,1-10,psicologadalete.com.br
brazil,,SGwm715go3l0XVCWEBIwdgBOzmTt,hospital & health care,linkedin.com/company/madrelab,itajaí,madrelab,santa catarina,1-10,madrelab.com.br
brazil,1995,bQRfW1FBaHGdSBuHlbaiagztlDfO,hospital & health care,linkedin.com/company/cenpat,parnaíba,cenpat - centro de patologia cirúrgica e citopatologia - dr. joao bosco,piauí,1-10,cenpat.com.br
brazil,2015,TvjncXiVzhz0lOFw1t68gQtSskzB,hospital & health care,linkedin.com/company/cbexsnacional,,cbexs | colégio brasileiro de executivos em saúde,são paulo,11-50,cbexs.com.br
brazil,,9G01ZpvaVmChQB6gtQWblQDyFL5H,hospital & health care,linkedin.com/company/clin-implant---odonto-care,belem,clin implant - odonto care,pará,1-10,clin-implant-odonto-care.negocio.site
brazil,,8rvlT2rROnIJn7ugif85lwIdfSSk,hospital & health care,linkedin.com/company/clinica-bh-e-center-x---radiologia-odontologica-digital,belo horizonte,clinica bh e center x - radiologia odontologica digital,minas gerais,1-10,clinibh.com.br
brazil,,O8PS20vMM6X9E6riWEMTdQXClEgd,hospital & health care,linkedin.com/company/hospital-santa-luzia-s-a,brasília,hospital santa luzia s/a,federal district,51-200,hsl.com.br
brazil,,uCCz7n32msp9E2sNlEhfygeQCOoq,hospital & health care,linkedin.com/company/clinica-leopoldo-pereira,dois de julho,clinica leopoldo pereira,bahia,1-10,clinicaleopoldopereira.com.br
brazil,,Ja4LoBlzNGCiJMUGoCnLpQvqj2hE,hospital & health care,linkedin.com/company/com-ciencia,sao paulo,com-ciencia,são paulo,11-50,clinicacomciencia.com.br
brazil,,DlaL72GSNsDil6JPHqyRogsyIUMt,hospital & health care,linkedin.com/company/dental-botelho,chapadinha,dental botelho,maranhão,1-10,dentalbotelho.com.br
brazil,,z9aK2Xtp2WggQaV6gbek8QJbUoZ7,hospital & health care,linkedin.com/company/dr.-henrique-perobelli-schleinstein,echaporã,dr. henrique perobelli schleinstein,são paulo,1-10,dr-henrique-perobelli-schleinstein.negocio.site
brazil,2023,vF9C80cPSNCl50UbE5DlxQ6oM0je,hospital & health care,linkedin.com/company/sndi-diagnóstico-por-imagem,,sndi - diagnóstico por imagem,são paulo,11-50,sndi.com.br
brazil,,PUS3xSkzdZ5DQC8jrJErxQtt7gLw,hospital & health care,linkedin.com/company/hospital-do-trabalhador,curitiba,hospital do trabalhador,paraná,1-10,hospitaldotrabalhador.saude.pr.gov.br
brazil,,rFUjttkCtJBC4OWyxzpsmgXmtqua,hospital & health care,linkedin.com/company/estética-del-cuerpo,porto alegre,estética del cuerpo,rio grande do sul,1-10,esteticadelcuerpo.com.br
brazil,,8aJyClACEuKYsnQLoaHpLQEh4GN9,hospital & health care,linkedin.com/company/intor---instituto-de-traumatologia-ortopedia-e-reabilitação,feira de santana,"intor - instituto de traumatologia, ortopedia e reabilitação",bahia,1-10,intor.med.br
brazil,,pV4DJFsVojp9y8MUXFJ90AYDtxm8,hospital & health care,linkedin.com/company/síntese-clínica-médica,bauru,síntese clínica médica,são paulo,1-10,drdanielbrosco.com.br
brazil,,f5pNwY33YKTLWnc4cyR3JA3DPZAJ,hospital & health care,linkedin.com/company/ortho-solutions-servicos-medicos,casa branca,ortho solutions servicos medicos,são paulo,1-10,ortopediavirtual.com.br
brazil,,hPywrJyPAHLqWQh1ZS0wuAeDSh4u,hospital & health care,linkedin.com/company/ouromed-servico-movel-de-saude-ltda,belo horizonte,ouromed servico movel de saude ltda,minas gerais,1-10,ouromedbh.com.br
brazil,,bcNM9qtMDESv3MiB5dqlGQZrfBpf,hospital & health care,linkedin.com/company/casa-de-repouso-anjo-gabriel,joinvile,casa de repouso anjo gabriel,santa catarina,1-10,casa-de-repouso-anjo-gabriel.business.site
brazil,,jnbCwpCTTfCS7MMV4qOMvgQNGiGD,hospital & health care,linkedin.com/company/pinhais-golden-dent,pinhais,pinhais golden dent,paraná,1-10,pinhaisgoldendent.com.br
brazil,,jJkf6ihudvRHFTqmJlYtEwljfJlq,hospital & health care,linkedin.com/company/instituto-cirúrgico-belplástica,novo horizonte,instituto cirúrgico belplástica,são paulo,1-10,instituto-cirurgico-belplastica.negocio.site
brazil,,vlIwNA0q0P2uwIZUdj9SHArguVmn,hospital & health care,linkedin.com/company/laboratório-carlos-clemente,sertânia,laboratório carlos clemente,pernambuco,1-10,labsertania.com.br
brazil,,eSNO9ZauzI8BlgS1zGfXSQoORF1X,hospital & health care,linkedin.com/company/milla-massoterapia,brasília,milla massoterapia,federal district,1-10,millamassoterapia.negocio.site
brazil,,APgHoty2qLitFApFLpFwqAnD6fnM,hospital & health care,linkedin.com/company/centro-para-assistencia-integral-em-cardiologia,sao paulo,centro para assistencia integral em cardiologia,são paulo,1-10,ceraic.org.br
brazil,,dSeSP1Dqq97zRJ5S9X1cEwZDuI49,hospital & health care,linkedin.com/company/clinica-medica-tess,,clinica medica tess,são paulo,1-10,conscientia.com.br
brazil,,BOilfoS3UfZV7TsBK6NL5wggvHno,hospital & health care,linkedin.com/company/bárbara-moura-dermatologia,brasília,bárbara moura dermatologia,rio grande do norte,1-10,barbaramoura.com.br
brazil,1970,hbK2A8LP6Ua2yMBXP0QLNAkrdek9,hospital & health care,linkedin.com/company/laboratoriofleming,novo hamburgo,laboratório fleming,rio grande do sul,51-200,fleminglab.com.br
brazil,1967,I9mGV7pzI6rLkq45bcM42An8d7v2,hospital & health care,linkedin.com/company/imong,,imong,são paulo,1-10,clinicaimong.com.br
brazil,2020,ENDvntC8NRvpAxHCCozOnQR3C1I7,hospital & health care,linkedin.com/company/grupo-youbay,sao paulo,grupo youbay,são paulo,11-50,youbay.com.br
brazil,2015,CaLwn11udIlAmT1eXAYBoQ2FKYsK,hospital & health care,linkedin.com/company/hospital-otorrinos-curitiba,curitiba,hospital otorrinos curitiba,paraná,51-200,otorrinoscuritiba.com.br
brazil,,Igdd9i5EfOkgCBE3EjfjwQzkheRq,hospital & health care,linkedin.com/company/clianest,muriaé,clianest,minas gerais,1-10,clianest.com.br
brazil,,fexzT5iY3ylCshKLRSOHBwOZz5Yk,hospital & health care,linkedin.com/company/d-e-k-laboratorio-de-analise-clinica,natal,d e k laboratorio de analise clinica,rio grande do norte,1-10,
brazil,,Bjc4KBtTLC0hBwPOCZWmYwR0Q8PC,hospital & health care,linkedin.com/company/instituto-medico-de-brasilia,brasília,instituto medico de brasilia,federal district,1-10,rockbrasilia.com.br
brazil,,U5lnHjZrt06NEzr4RachpQrqTbfo,hospital & health care,linkedin.com/company/instituto-crescer-bem,centro,instituto crescer bem,são paulo,1-10,icbclinicapediatrica.com.br
brazil,2020,WRS3JsUbp2JfFqnZjEKUzQnyVwQU,hospital & health care,linkedin.com/company/odonto-multi-sorriso-e-saúde,santa bárbara d’oeste,odonto multi sorriso e saúde,são paulo,1-10,odontomultisorriso.com.br
brazil,,ovuEETgPf7lTNnbDZWn1UAf7yPbD,hospital & health care,linkedin.com/company/dr.-guilherme-magalhães,patrocínio,dr. guilherme magalhães,minas gerais,1-10,
brazil,,TTqptn2pPECqSThQz8VgYwTGFusm,hospital & health care,linkedin.com/company/facilima-odontologia,campinas,facilima odontologia,são paulo,1-10,facilima.odo.br
brazil,,fuExaECYsGQNHsLTVC3DuAY5NpbJ,hospital & health care,linkedin.com/company/cel-odontologia,votuporanga,cel odontologia,são paulo,1-10,cel-odontologia.negocio.site
brazil,2021,uFVyQvtvkAFCXsRxRR4GzQRe5lmn,hospital & health care,linkedin.com/company/instituto-saúde-especialidades-médicas,belo horizonte,instituto saúde especialidades médicas,minas gerais,1-10,institutosaudebh.com.br
brazil,2023,OK8LKBUslh7Jp1ZOVL3mAAMdkeZx,hospital & health care,linkedin.com/company/vie-gene,porto alegre,vie gene,rio grande do sul,1-10,viegene.com.br
brazil,,QIGFceYgBOlqi4u4AZb0wgnWVdzp,hospital & health care,linkedin.com/company/dra.-dayane-tito,rio claro,dra. dayane tito,são paulo,1-10,dradayanetito.com
brazil,,zBwbWeGD55BHxAF4eyBwTQqlklAM,hospital & health care,linkedin.com/company/alexandre-teles,fortaleza,alexandre teles,ceará,1-10,alexandreteles.med.br
brazil,,IbdZCgJ8Op6LqwJ3AGXI0AxrjBWw,hospital & health care,linkedin.com/company/salute-per-vita,brasília,salute per vita,federal district,1-10,salutepervita.com.br
brazil,,ZLcescUPDXl1MvxCyzqD8AnhnNA6,hospital & health care,linkedin.com/company/laprat-bioevolution-&-spa,,laprat bioevolution & spa,são paulo,1-10,laprat.com.br
brazil,,4zZaKX4IACVVYIto1KC48QMvbWP4,hospital & health care,linkedin.com/company/multianálises,são josé de piranhas,multianálises,paraíba,1-10,multianaliseslab.com.br
brazil,2016,gS7CUcEa0SRPBJQcsGZc8QmzeuNj,hospital & health care,linkedin.com/company/marçal-odontologia,jardim,marçal odontologia,mato grosso do sul,11-50,marcalodontologia.negocio.site
brazil,,CoTU5LwNBkrWEOhJYv9wpQTJPrUU,hospital & health care,linkedin.com/company/centro-hospitalar-de-barreiras,bueno de andrade,centro hospitalar de barreiras,rio de janeiro,1-10,chb.net.br
brazil,,L3eE2NWeA6aUGgg7KqlG0wHZuvTf,hospital & health care,linkedin.com/company/laboratório-seitenfus,arroio do tigre,laboratório seitenfus,rio grande do sul,1-10,laboratorioseitenfus.com.br
brazil,,twjH86zEKHvjj9QQSc2tKQAkxQgt,hospital & health care,linkedin.com/company/cepto-centro-esp-prev-e-terapeutica-odontolog,uberlândia,cepto centro esp prev e terapeutica odontolog,minas gerais,1-10,cepto.com.br
brazil,,O6Qfk2WL6yWeDNRiOOyzCAonVmCs,hospital & health care,linkedin.com/company/odonto-icaraí,niterói,odonto icaraí,rio de janeiro,1-10,odontoicarai.com.br
brazil,,UUXXu2MIRvOqbGPsEXKzAQ1KLLAm,hospital & health care,linkedin.com/company/planos-de-saúde-e-odontológicos-cg,campina,planos de saúde e odontológicos cg,rio grande do sul,1-10,lais-planos-de-saude-e-odontologicos.negocio.site
brazil,2021,WYGgrxW7ttUorj629SMOLwqaQ6J5,hospital & health care,linkedin.com/company/emedicalhealthplace,porto alegre,e.medical health place,rio grande do sul,11-50,emedicalhp.com.br
brazil,,t75prv5teAwd2fFkNmDeAgmbuyaN,hospital & health care,linkedin.com/company/ceodont-centro-odontologico-integrado,,ceodont-centro odontologico integrado,são paulo,1-10,madreflorbolsas.com.br
brazil,,N13857eQzBPtqEF6plw6vgACT8Dp,hospital & health care,linkedin.com/company/dr.-ricardo-luiz-ribeiro,petrópolis,dr. ricardo luiz ribeiro,rio de janeiro,1-10,dr-ricardo-luiz-ribeiro.negocio.site
brazil,,muTZ2zoRkbTX7ZnBGRLEQQp4gCY3,hospital & health care,linkedin.com/company/terapia-do-corpo,ipatinga,terapia do corpo,minas gerais,1-10,terapia-do-corpo.negocio.site
brazil,,CnPn0TfjnLNVsPZooyT0pgHLsuEu,hospital & health care,linkedin.com/company/sentir-melhor---clínica-de-saúde-física-e-mental,americana,sentir melhor - clínica de saúde física e mental,são paulo,1-10,sentirmelhor.com.br
brazil,,Csh0rxLXaxmLDfswiMExgwG4BpZt,hospital & health care,linkedin.com/company/cdc---centro-de-diagnostico-cardiologico,porto alegre,cdc - centro de diagnostico cardiologico,rio grande do sul,1-10,cdc.med.br
brazil,,HHs2CCgDVdUuuWqSmyQaTgUHeSNC,hospital & health care,linkedin.com/company/consultório-odontológico---dra-nani-tognery,colônia augusta vitória,consultório odontológico - dra nani tognery,santa catarina,1-10,nanitognery.com.br
brazil,,dBIeg5VllQFXU7v9qzUSmQqXLJUS,hospital & health care,linkedin.com/company/geneclin,rio de janeiro,geneclin,rio de janeiro,1-10,
brazil,2020,FNQNdqDWyXGxa6N5X7QTdAU86uEj,hospital & health care,linkedin.com/company/artus-junior,londrina,artus júnior,paraná,11-50,artusjr.com.br
brazil,,nIwIce4EmBi0BeJ6DdJeNAcP74Xf,hospital & health care,linkedin.com/company/securi-gestao-em-seguranca-e-saude-ocupacional,jaraguá do sul,securi gestao em seguranca e saude ocupacional,santa catarina,1-10,
brazil,,7Vp3CeQw6smgGnbS0crFVgD3S6eg,hospital & health care,linkedin.com/company/paiva-odontologia---instituto-oral-&-maxilofacial,campo grande,paiva odontologia - instituto oral & maxilofacial,mato grosso,1-10,paivaodontologia.com
brazil,2003,8ANDznHDhBTM5Rct3zu7VA00Z4WN,hospital & health care,linkedin.com/company/isominas-saude-empresarial,pouso alegre,isominas saúde empresarial,minas gerais,11-50,isominas.com.br
brazil,,CL670CoxtGrEFvmvNB3kXQduoGSP,hospital & health care,linkedin.com/company/doctor-blu-odontologia,blumenau,doctor blu odontologia,santa catarina,1-10,doctor-blu-odontologia.negocio.site
brazil,,bnXbiBMbGhL5x4HpMnl8OAC38mZA,hospital & health care,linkedin.com/company/hospital-dos-secadores,,hospital dos secadores,são paulo,1-10,hospitaldossecadores.com.br
brazil,,jFuFRwKAwvDoegowZ4TA6gxUgkXP,hospital & health care,linkedin.com/company/inter-m-medicina-especializadas,osasco,inter-m medicina especializadas,são paulo,51-200,clinicainterm.com.br
brazil,,kZYaJSAqYK5oX4fRRsFCOwXRp6Ri,hospital & health care,linkedin.com/company/advance-odonto,porto alegre,advance odonto,rio grande do sul,1-10,advanceodonto.com.br
brazil,1871,UzlLjOJS769Fw3pgcRktTw1FavBp,hospital & health care,linkedin.com/company/santa-casa-montes-claros,montes claros,santa casa montes claros,minas gerais,1001-5000,santacasamontesclaros.com.br
brazil,,2ICZg2bVlvXlyXyvknmraQjDDrJ6,hospital & health care,linkedin.com/company/design-ottoboni,blumenau,design ottoboni,santa catarina,1-10,designottoboni.com.br
brazil,2014,MppCc0DApWdpvKM5u0vi9wYhYTD6,hospital & health care,linkedin.com/company/carlosbaraldi-cirurgiabucomaxilofacial,porto alegre,carlosbaraldi cirurgia bucomaxilofacial,rio grande do sul,1-10,drbaraldi.com.br
brazil,,4d9urjCYhWCygL3nvQ5WNAIYAoYX,hospital & health care,linkedin.com/company/biosapien-br,hortolândia,biosapien,são paulo,1-10,biosapien.com.br
brazil,,ZEMieTdSBTxx3d94Agyxfg3znCcJ,hospital & health care,linkedin.com/company/neuroclinica-sorocaba,sorocaba,neuroclinica sorocaba,são paulo,1-10,neurosorocaba.com.br
brazil,,c7CeQu7vC2vXs2F822bXZAxPAVXy,hospital & health care,linkedin.com/company/hospital-canarana,canarana,hospital canarana,bahia,1-10,hospital-canarana.business.site
brazil,,iTrjMjEGaf1ftwNabGdvbwmdOvOg,hospital & health care,linkedin.com/company/gilberto-meneguesso,nova prata,gilberto meneguesso,rio grande do sul,1-10,gilbertomeneguesso.com
brazil,,9ZBGt3Kmo8y54bObvUUaYwzHuK20,hospital & health care,linkedin.com/company/sotrauma-life-center,cuiabá,sotrauma life center,mato grosso,1-10,
brazil,,DubBbeMysIHAyjtGXmy9AQ03Gp12,hospital & health care,linkedin.com/company/super-odonto,recife,super odonto,pernambuco,1-10,superodonto.net
brazil,,rvGQcdgWemEyiBQ4kByunwbZZGaR,hospital & health care,linkedin.com/company/cirurgia-micrográfica-de-mohs,belo horizonte,cirurgia micrográfica de mohs,minas gerais,1-10,cirurgiademohs.com
brazil,,XIYBhAyp0jkdd2yYjqB4YQp9YtbM,hospital & health care,linkedin.com/company/cehon-juazeiro,santo antônio,cehon juazeiro,bahia,11-50,
brazil,2017,20EDdWEBiNaEKbCVN2L7kAbSdEAH,hospital & health care,linkedin.com/company/clinify,curitiba,clinify,paraná,1-10,clinify.com.br
brazil,,kcBl3CqGVYD7ZldXXBZWjQ7rQ9qt,hospital & health care,linkedin.com/company/omega-3-laboratório-matriz,iguape,omega 3 laboratório matriz,são paulo,1-10,omega3laboratorio.com.br
brazil,,02IN0tyeOqGbRmxHFceBVwTjIbUJ,hospital & health care,linkedin.com/company/lar-de-emmanuel,petrópolis,lar de emmanuel,rio de janeiro,1-10,lardeemmanuel.org.br
brazil,,gsOui8958Y94Hj3wzj3W1guH8Tru,hospital & health care,linkedin.com/company/la-storia-casa-de-repouso,londrina,la storia casa de repouso,paraná,1-10,lastoriacasaderepouso.com.br
brazil,,UhwjJrY3mDdmgQCVgZm9MQlEV2WG,hospital & health care,linkedin.com/company/dama-de-companhia-lenir-cuidadora,sumaré,dama de companhia lenir cuidadora,são paulo,1-10,dama-de-companhia-lenir-cuidadora.negocio.site
brazil,,KqNyz1ErBbICaDzgCwAL6gccBLKv,hospital & health care,linkedin.com/company/ritmocor---eletrofisiologia-cardiaca-sociedade-simples,porto alegre,ritmocor - eletrofisiologia cardiaca sociedade simples,rio grande do sul,1-10,
brazil,,DGqdCX26JTOaBQHwUdwXSAREfDny,hospital & health care,linkedin.com/company/odontologia-itaim-bibi,,odontologia itaim bibi,são paulo,1-10,metaeducacao.com.br
brazil,,iTZNmcKHST6CTIPCxEIvUAWxfzin,hospital & health care,linkedin.com/company/adef-rio,,adef-rio,,11-50,adef-rio.com.br
brazil,,K4FOODgBuW389TViLxJbpAzMrFXT,hospital & health care,linkedin.com/company/vetor-aracruz,linhares,vetor aracruz,espírito santo,1-10,vetoraracruz.com.br
brazil,,st6x3r2eLaL2OcULGfZVgQrGedfZ,hospital & health care,linkedin.com/company/laboratório-julio-soares,centro,laboratório julio soares,são paulo,1-10,laboratoriojuliosoares.com.br
brazil,1988,QBb54dKxrDCLyNhRGYMwhQSjGUuq,hospital & health care,linkedin.com/company/clinica-tirol,natal,clinica tirol,amazonas,51-200,clinicatirol.com.br
brazil,,dNBsEikCsohL8S5Cnpv6Cwy7DXXz,hospital & health care,linkedin.com/company/alores-dermatologia,sao paulo,alores dermatologia,são paulo,1-10,
brazil,,RQHfpupCnlItwvfx5tAO2g8KASzl,hospital & health care,linkedin.com/company/implaorto-itajaí,itajaí,implaorto itajaí,santa catarina,1-10,implaortoitajai.com.br
brazil,1998,wRAEaokvQTo3KXalqGG1ZQrb2SNC,hospital & health care,linkedin.com/company/hemomedoncologia,,hemomed oncologia e hematologia,são paulo,51-200,hemomed.com.br
brazil,,1C55zOPZnAAMCO6K53IgngYxwDWF,hospital & health care,linkedin.com/company/vital-brasil,guaratinguetá,vital brasil,são paulo,51-200,
brazil,,aIu99kGUnfr9TSjO0MpIdw6uFfrg,hospital & health care,linkedin.com/company/br-clin,tôrres,br clin,rio grande do sul,1-10,brclin.com.br
brazil,,zgSIxmNydwQvwtgBo7p9BA3LNEO4,hospital & health care,linkedin.com/company/oliveira-brasil-dermatologistas-associados,mogi das cruzes,oliveira brasil dermatologistas associados,são paulo,1-10,dermatolux.com.br
brazil,,CK7f7dZHBteUzfB9YP6wAQQ28lTr,hospital & health care,linkedin.com/company/hipnoclinic,pouso alegre,hipnoclinic,minas gerais,1-10,hipnoclinic.com.br
brazil,,XenMDqX7NCG0Y5tuHtj2fw4j0sU6,hospital & health care,linkedin.com/company/gineclin---instituto-da-mulher,indaial,gineclin - instituto da mulher,santa catarina,1-10,clinicagineclin.com.br
brazil,,PO8HR7Fr4iCjaOcS06PUXgWq8fdl,hospital & health care,linkedin.com/company/laboratorio-de-pesquisas-clinicas-da-bahia,salvador,laboratorio de pesquisas clinicas da bahia,bahia,1-10,seuresultado.com.br
brazil,,HwmDIwAjVbrrhV6IqQJl6wvd62xk,hospital & health care,linkedin.com/company/rede-lucy-montoro,são josé dos campos,rede lucy montoro,são paulo,1-10,
brazil,,CsbQy7St7vm3QsalfixE8Q60OriB,hospital & health care,linkedin.com/company/clinica-medica-provincia,itapiranga,clinica medica provincia,santa catarina,1-10,centrodemama.com.br
brazil,,7iAQu46oeh6nuXOOHeefgwDZWG1D,hospital & health care,linkedin.com/company/crp-centro-radiológico-pinhalense,centro,crp centro radiológico pinhalense,espírito santo,1-10,crpcentroradiologico.com.br
brazil,2010,l9yfz0NmNE19IYRGXQleBwe17zU0,hospital & health care,linkedin.com/company/oncologica-do-brasil,,oncologica do brasil,rio de janeiro,501-1000,oncologicadobrasil.com.br
brazil,,NYZwxb7XZzgzhdWAC2eNNgWTzDPx,hospital & health care,linkedin.com/company/laboratório-análises-clínicas-são-lucas,centro de fernandes,laboratório análises clínicas são lucas,santa catarina,1-10,
brazil,,pASrzIzTfG7BcnyWM7yw3wXsody4,hospital & health care,linkedin.com/company/centro-de-diagnostico-dr-custodio-azevedo,sobral,centro de diagnostico dr custodio azevedo,ceará,1-10,
brazil,,KMmgRYCBzvAGvPewmCjQNAaJtQBp,hospital & health care,linkedin.com/company/futura-clínica-de-reabilitação,taubaté,futura clínica de reabilitação,são paulo,1-10,futura-clinica-de-reabilitacao.negocio.site
brazil,,tBpiVKyI8DX1mSxHvdPEBgyjGzIU,hospital & health care,linkedin.com/company/luciano-schutz---cirurgia-plastica,criciúma,luciano schutz - cirurgia plastica,santa catarina,1-10,clinicalucianoschutz.com.br
brazil,,6L3KeXBBjplPBM0COpgqTwKK2VCZ,hospital & health care,linkedin.com/company/shmbrasil,são josé dos campos,shm brasil,são paulo,51-200,shmbrasil.com.br
brazil,,z1vGAY5DdSp22gWeD8EnIQxA1vio,hospital & health care,linkedin.com/company/blumedical,curitiba,blumedical group comércio de produtos para saúde,paraná,1-10,blumedical.com.br
brazil,,2iwb0y5LNCYIkanGNKDyGg3UUPuZ,hospital & health care,linkedin.com/company/implant-odontologia,três lagoas,implant odontologia,mato grosso do sul,11-50,implantodontologia.com.br
brazil,,MjwAH5iJUBOMhprGqAaCTw5xMB66,hospital & health care,linkedin.com/company/prada-odontologia,,prada odontologia,são paulo,1-10,pradaodontologia.com.br
brazil,,7ZEpxF6bxdbOKWGUocBB6QLfqfPz,hospital & health care,linkedin.com/company/consultório-odontológico-dra.-thalita-rossmann,serra,consultório odontológico dra. thalita rossmann,espírito santo,1-10,ortolingual.com.br
brazil,,oCnrFTHCPVFvDhKcRmclIgJgRPff,hospital & health care,linkedin.com/company/botoclinic-shopping-iguatemi,campinas,botoclinic shopping iguatemi,são paulo,1-10,botoclinic-iguatemi.negocio.site
brazil,,UyzknJprtNV5cYbnitzULwBjygIN,hospital & health care,linkedin.com/company/gelli-odontologia,taboão da serra,gelli odontologia,são paulo,1-10,gelliodontologia.negocio.site
brazil,2010,IZJ9bVCiHujCmLGBlIEUCgnTlF0x,hospital & health care,linkedin.com/company/dinamica-facility,brasília,dinâmica facility,federal district,5001-10000,dinamicafacility.com.br
brazil,,xBvjxoUsw1xtBb0fl3pCywWtrAQt,hospital & health care,linkedin.com/company/orthopride-são-bernardo-do-campo-2,são bernardo do campo,orthopride são bernardo do campo 2,são paulo,1-10,orthopridesaobernardo2.com
brazil,,GeO8dlf9StOoZ2bTWBkwqAaMyGOb,hospital & health care,linkedin.com/company/sara-acupuntura-e-estética,araçatuba,sara acupuntura e estética,são paulo,1-10,saraacupunturaeestetica.com.br
brazil,,KDAqt0k9rCuyYCGkd3vRXgJ8UnX0,hospital & health care,linkedin.com/company/vitaville-centro-medico,joinvile,vitaville centro medico,santa catarina,1-10,vitapacientes.com.br
brazil,,Cay4L67NLPDhIz0WtjPYAA2i169E,hospital & health care,linkedin.com/company/conformed-home-care-internação,sorocaba,conformed - home care & internação,são paulo,11-50,conformed.com.br
brazil,,emkwVVWLyfbzturE4IRf1gVKzuZ6,hospital & health care,linkedin.com/company/clínica-transformar,,clínica transformar,são paulo,1-10,clinicatransformar.com.br
brazil,1982,o4jT4fCNXOvKGz0N7xciOgbsz268,hospital & health care,linkedin.com/company/doemer,florianópolis,doemer,santa catarina,11-50,doemer.com.br
brazil,,ZUU5tmk3UGPeKOjiiVwInQ7qtE0f,hospital & health care,linkedin.com/company/grupo-sa-de-ltda.,recife,grupo saúde ltda.,pernambuco,501-1000,gruposaude.com.br
brazil,,vAA70xgVdM3tt5Zt0UclNw1eEgOu,hospital & health care,linkedin.com/company/espaço-transformador,nova iguaçu,espaço transformador,rio de janeiro,1-10,espaco-transformador-consultorio-de-psicologia.negocio.site
brazil,,UxibQLALt3sDL8PDMkCZYg8c12uf,hospital & health care,linkedin.com/company/clínica-de-santis---serra-negra,serra negra,clínica de santis - serra negra,são paulo,1-10,clinicadesantis.com.br
brazil,,dGlCR8kBvmyOHhcvlPBGvQOwT9sD,hospital & health care,linkedin.com/company/grão-de-ser--taiana-oliveira,macaúbas,grão de ser- taiana oliveira,bahia,1-10,grao-de-ser.negocio.site
brazil,,ttPeTvQBsBdNNWSRse9Q3AxXctET,hospital & health care,linkedin.com/company/laboratório-diagnosis,formiga,laboratório diagnosis,minas gerais,1-10,laboratoriodiagnosis.com.br
brazil,1992,TaCeCTmTK49YhV8DGfNy2QpRLs3p,hospital & health care,linkedin.com/company/ergon-medicina-do-trabalho,sao paulo,ergon medicina do trabalho,são paulo,51-200,ergon.med.br
brazil,1936,dDL8OH2gII7U1msykEVrbAHfElCz,hospital & health care,linkedin.com/company/irmandade-da-santa-casa-de-londrina-iscal,londrina,irmandade da santa casa de londrina - iscal,paraná,1001-5000,iscal.com.br
brazil,1988,VEp6Zexm7Bokmk6eZaAsYAErCxQm,hospital & health care,linkedin.com/company/unimed-são-joão-del-rei,,unimed são joão del rei,,51-200,unimed.coop.br/web/saojoaodelrei
brazil,,kIvqxa2kBbuYWeAt0ZtVrgVovc2c,hospital & health care,linkedin.com/company/clínica-dermatológica-massella,tôrre de pedra,clínica dermatológica massella,são paulo,1-10,clinicamassella.com.br
brazil,2006,1yWVtNHxlTY9VBCSBhxfswYVKzQr,hospital & health care,linkedin.com/company/inefro,,inefro,,11-50,inefro.com.br
brazil,,MWUc2YjEMyPfFDERXGnTrgdshww7,hospital & health care,linkedin.com/company/clínica-minotto,luis eduardo magalhães,clínica minotto,bahia,1-10,clinicaminotto.com.br
brazil,,XABul2LLggPt3oCJa6FN6g8gO8g5,hospital & health care,linkedin.com/company/clínica-saúde-dos-olhos-mt,cuiabá,clínica saúde dos olhos mt,mato grosso,1-10,clinicasaudedosolhosmt.com.br
brazil,,ye2ppUSnUM0WBAvSRvMA9QOweyaF,hospital & health care,linkedin.com/company/tatiana-rosa-odontologia-integral,caeté,tatiana rosa odontologia integral,minas gerais,1-10,tatiana-rosa-odontologia-integral.negocio.site
brazil,,B1VzgoCoYtRyKVC5JCeTXQCTpP1f,hospital & health care,linkedin.com/company/imecsaude,ceres,imec saúde,goiás,201-500,imecsaude.com
brazil,,z73CRG8ame022JKjS4EOeQzldNUq,hospital & health care,linkedin.com/company/lapacit,pelotas,lapacit,rio grande do sul,1-10,lapacit.com
brazil,,XCDSNBn5qBhBMZzpaD3IyQkIg62z,hospital & health care,linkedin.com/company/medmaisvoce-saude,ipatinga,medmaisvoce saude,minas gerais,1-10,checkupmidia.com.br
brazil,2022,PCKdyQhDTaTCtQ8vWNPCWgcLGXrr,hospital & health care,linkedin.com/company/sb-fisioterapia1,niterói,sb fisioterapia,rio de janeiro,1-10,sbfisioterapia.com.br
brazil,,YelOmvCBVQRCHe4fBe1dsALbDGhG,hospital & health care,linkedin.com/company/gastroped,,gastroped,são paulo,1-10,gastropedsp.com.br
brazil,,VOBtDwVcajUk0Rii92r70wyzp6NG,hospital & health care,linkedin.com/company/laboratório-alfredo-chaves,alfredo chaves,laboratório alfredo chaves,espírito santo,1-10,laboratorioalfredochaves.com.br
brazil,,TgCs41HxsEBrX0Frx8ww2ggwoPxY,hospital & health care,linkedin.com/company/hospital-luiza-pereira-de-carvalho,caetés,hospital luiza pereira de carvalho,pernambuco,1-10,caetesnews.com.br
brazil,,RDQesg78sibI7YRGvt9CpgSV5Hpz,hospital & health care,linkedin.com/company/veridiana-vansan-nutricionista-cristã--paiçandu,paiçandu,veridiana vansan nutricionista cristã -paiçandu,paraná,1-10,draveridianavansan.negocio.site
brazil,,7wXBKvfQsySBMy6N9BejNguKoUh6,hospital & health care,linkedin.com/company/sul-bahia-diagnosticos,teixeira de freitas,sul bahia diagnosticos,bahia,1-10,sulbahiadiagnosticos.com.br
brazil,,oD9cUttcgpRa5YtU03pCjwSFXtuH,hospital & health care,linkedin.com/company/goulart-&-guarisa-psicologia.,petrópolis,goulart & guarisa psicologia.,rio de janeiro,1-10,goulart-guarisa-psicologia.negocio.site
brazil,,Bwxg3EGCVwbqOLUchvMnWAQ67P11,hospital & health care,linkedin.com/company/dunacor-medicina-diagnostica,são bernardo do campo,dunacor medicina diagnostica,são paulo,1-10,dunacor.com.br
brazil,,yjtBHEdvMjOOhZW2j35jOw3JXboJ,hospital & health care,linkedin.com/company/ivonete-daher,goiania,ivonete daher,goiás,1-10,ivonetedaher.com.br
brazil,,ZFoUD87AIwJ3a2fCvdbBVgVHkM5z,hospital & health care,linkedin.com/company/equilibré-saúde-e-bem-estar,osasco,equilibré saúde e bem-estar,são paulo,1-10,equilibre-saude-e-bem-estar.negocio.site
brazil,1949,IfdfmoQlhB8fTQOeBWCXbglCyllv,hospital & health care,linkedin.com/company/hospitaledmundovasconcelos,sao paulo,hospital edmundo vasconcelos,são paulo,501-1000,hpev.com.br
brazil,,89wmdlsiCCqGZSDDPbXAnAH0et4M,hospital & health care,linkedin.com/company/karine-schilling,lapa,karine schilling,são paulo,1-10,karineschilling.com.br
brazil,2004,eSrNxqyrK3DgOE3QVRTp1A3FzjSV,hospital & health care,linkedin.com/company/comportamento-saúde,são josé dos campos,comportamento & saúde,são paulo,1-10,
brazil,,tMgC2HkqUoVJfWOwsfM8zQZtx4Zh,hospital & health care,linkedin.com/company/clinica-lucilo-avila-jr,recife,clinica lucilo avila jr,pernambuco,51-200,luciloavila.com.br
brazil,,x8TxfKSl3EjTJhZNhmmjlg5EAJLE,hospital & health care,linkedin.com/company/amo-ortodontia,quinze de novembro,amo ortodontia,rio grande do sul,1-10,amo-ortodontia.negocio.site
brazil,,mJ8w7cG9A22ildsYqcjHnwPRfdbm,hospital & health care,linkedin.com/company/laboratório-aliança---unidade-associação-beneficente-dr-hercules-silveira,vila velha,laboratório aliança - unidade associação beneficente dr hercules silveira,espírito santo,1-10,aliancalaboratorio.com.br
brazil,,qtWad3l8RG3epJCtCJKgnQyzd7uH,hospital & health care,linkedin.com/company/sam-remoções-urgentes,,sam remoções urgentes,rio de janeiro,1-10,samremocoes.com.br
brazil,2019,hHxQOHxBg3Duby4cVZnLTgAfkTDY,hospital & health care,linkedin.com/company/evxgestaoemarketing,sao paulo,evx gestão & marketing,são paulo,11-50,aquariusquality.com
brazil,,knnDGGehzpeDQFH8RWLU9wg5xpuf,hospital & health care,linkedin.com/company/casa-de-saude-sao-bento,,casa de saude sao bento,rio de janeiro,1-10,saobentohospital.com.br
brazil,,5Zf2g1XpzRL20Mm5OtdCHQaviTtU,hospital & health care,linkedin.com/company/clínica-inovas---angiologia-e-cirurgia-vascular,,clínica inovas - angiologia e cirurgia vascular,rio de janeiro,1-10,clinicainovas.com.br
brazil,,FO7OhJMhQotFCLTSDyKWcgUVYsMd,hospital & health care,linkedin.com/company/clínica-de-recuperação-maximus,são josé do norte,clínica de recuperação maximus,rio grande do sul,1-10,ctmaximus.com.br
brazil,,a6z9LtjCRY6p4lhuQ7ugtw7M7INC,hospital & health care,linkedin.com/company/odontoguará,guaratinguetá,odontoguará,são paulo,1-10,odontoguara.com
brazil,,rqJRLJhwaXowkciJcBZXYg739vO9,hospital & health care,linkedin.com/company/salusdens---especialidades-odontologicas,sao paulo,salusdens - especialidades odontologicas,são paulo,1-10,
brazil,,wbAKAiShLolaVjHjDdy3egGmkCNB,hospital & health care,linkedin.com/company/kl-odontologia-integrada,natal,kl odontologia integrada,amazonas,1-10,klodontologiaintegrada.com.br
brazil,1973,NOCCOucVMh0xYFvLc4E4QQIL4AnL,hospital & health care,linkedin.com/company/centro-de-endoscopia-rio-preto,são josé do rio prêto,centro de endoscopia rio preto,são paulo,11-50,cerpendoscopia.com.br
brazil,,fBk2PN5mBX8xLWqz077PqAuIM6X0,hospital & health care,linkedin.com/company/ninho-clínica-infantil-multidisciplinar,recife,ninho clínica infantil multidisciplinar,pernambuco,1-10,ninhoclinica.com.br
brazil,,yOrIhpvKyxkm9wuCgzXYqweDhDqY,hospital & health care,linkedin.com/company/derm-imagem,ipatinga,derm imagem,minas gerais,1-10,dermimagem.com.br
brazil,,LfS3dWxBv6zTuVhMuMlzxgoValOV,hospital & health care,linkedin.com/company/centro-médico-previna,alagoinhas,centro médico previna,bahia,1-10,cmprevina.com.br
brazil,,SOGb3t0vaT6aR7UwSCbyNAF92ERm,hospital & health care,linkedin.com/company/evexia-perícias-médicas,santa bárbara d’oeste,evexia perícias médicas,são paulo,1-10,evexiaconsultoriamedica.com.br
brazil,,71MCduMxje3MftWkquVJVgCIKQrN,hospital & health care,linkedin.com/company/padrao-consultorio-odontologico,grajaú,padrao consultorio odontologico,maranhão,1-10,drvagner.com.br
brazil,,rAPiFtnIM5tGYO23MyflGQjCDbmi,hospital & health care,linkedin.com/company/nephron-care-assistencia-medica,niterói,nephron care assistencia medica,rio de janeiro,1-10,nephroncare.com.br
brazil,,uHa9vbTytBjKQnqK92rBPw7UkKU2,hospital & health care,linkedin.com/company/laboratório-exame---jc,centro,laboratório exame - jc,rio de janeiro,1-10,
brazil,,AF0F2a16kuqBu29Tvf1zhgB3PvsQ,hospital & health care,linkedin.com/company/clinica-psiquiatrica-de-mogi-das-cruzes,mogi das cruzes,clinica psiquiatrica de mogi das cruzes,são paulo,1-10,fulviooliveira.com.br
brazil,,cAz3UASb0Bm3FgROFVCTTw6KyyRS,hospital & health care,linkedin.com/company/centro-paranaense-de-diagnostico-ecografico-guido-a-v-perez,curitiba,centro paranaense de diagnostico ecografico guido a v perez,paraná,11-50,cdipr.com.br
brazil,,24nuIuSf89hFj9sBeNCzQgLyIoPZ,hospital & health care,linkedin.com/company/casinha-do-sorrir,paulista,casinha do sorrir,pernambuco,1-10,casinhadosorrir.com.br
brazil,,Hoyuu11PgTFpfmfrMoCkZAVlL3jn,hospital & health care,linkedin.com/company/laboratório-nap---núcleo-de-anatomia-patológica,salvador,laboratório nap - núcleo de anatomia patológica,bahia,1-10,laboratorionap.com.br
brazil,1996,FiBpBNwlqBmknATR3Bhlbwut148k,hospital & health care,linkedin.com/company/hospital-de-c-ncer-de-ribeir-o-preto---funda-o-sobeccan,ribeirao preto,hospital de câncer de ribeirão preto - fundação sobeccan,são paulo,11-50,hcancerderibeirao.org.br
brazil,,WTEifLS5pVI0gs1Zyfbvnwk4VeXK,hospital & health care,linkedin.com/company/hemoclinica,,hemoclinica,,51-200,hemoclinicadf.com.br
brazil,2004,nB0eBH60Fg0uUtlqHMpnqgB1ANR3,hospital & health care,linkedin.com/company/spaço-vascular,sao paulo,spaço vascular,são paulo,11-50,spacovascular.com.br
brazil,2014,JPP7H2HKQBJ9hmjBfVYhLwNBoO3p,hospital & health care,linkedin.com/company/supermedicadistribuidorahospitalar,goiania,supermédica distribuidora hospitalar,goiás,51-200,supermedica.com.br
brazil,,igyq28PueBCew985fA4OGQC84EtH,hospital & health care,linkedin.com/company/odontow,,odontow,rio de janeiro,1-10,odontow.com.br
brazil,2018,gWmMYQEqHxzqpBCs4Hc3nwsntpRk,hospital & health care,linkedin.com/company/lab-vet-nelvet,guarujá,laboratório veterinário nelvet,são paulo,1-10,instagram.com/lab.nelvet
brazil,,sFPigat9qCJcuOWzKFgf0AuFuwvf,hospital & health care,linkedin.com/company/policlinica-da-gente,serra,policlinica da gente,espírito santo,1-10,policlinicadagente.com.br
brazil,,xVFcj6giRddOkqUbi6DhHgfnmOvM,hospital & health care,linkedin.com/company/hospital-unity,,hospital unity,são paulo,1-10,hospitalunity.com.br
brazil,2015,PvtFys3bgorlnw2nSiqjzAZrPooj,hospital & health care,linkedin.com/company/duodiagnosticos,rio das ostras,duo diagnósticos,rio de janeiro,11-50,duodiagnosticos.com.br
brazil,2004,0Pp5FGBbg3JedkPEA3ajLQYTjkFD,hospital & health care,linkedin.com/company/asscd,uberaba,associação da casa da dialise,minas gerais,51-200,
brazil,,1kXSca4vQd1XZep8VeSIEgF0D6eW,hospital & health care,linkedin.com/company/dra.-cristiane-caldeira,sertãozinho,dra. cristiane caldeira,são paulo,1-10,cristianecaldeira.com.br
brazil,,KPBXkICqPYRdtN1jcuvVBw86kHxR,hospital & health care,linkedin.com/company/oftalmologia-paratodos,botucatu,oftalmologia paratodos,são paulo,1-10,oftalmologiaparatodos.com.br
brazil,,HjtfH5UgoH9oiMHvjZBTlgoABc5z,hospital & health care,linkedin.com/company/hospital-geral-el-kadri,campo grande,hospital geral el kadri,mato grosso do sul,201-500,hospitalelkadri.com.br
brazil,,N9VLKKGh4NVjzq8DGnKHAAnH5ZMd,hospital & health care,linkedin.com/company/novo-tempo-residêncial-para-idosos,ipiranga,novo tempo residêncial para idosos,paraná,1-10,novotemporesidencialparaidosos.com
brazil,,3QsWsCayjujtm3UqzVvGHAtXNSyI,hospital & health care,linkedin.com/company/hospital-doutor-lindouro-avelar,lagoa,hospital doutor lindouro avelar,santa catarina,1-10,
brazil,1979,2un3AxvSAu9nqLFfBRrBlQADCZrT,hospital & health care,linkedin.com/company/prontoclinicadeolhosnatal,natal,prontoclinica de olhos,rio grande do norte,51-200,prontoclinicadeolhos.com.br
brazil,,034ErCwDCEwaJgAETxR5uw0xAJYi,hospital & health care,linkedin.com/company/vital-lab,palmares,vital lab,pernambuco,1-10,laboratoriovitalab.com.br
brazil,,5kxZwTubTf7VCK3hGm5ZSAzOD3xO,hospital & health care,linkedin.com/company/célula-laboratório-de-patologia-avançada,mossoró,célula laboratório de patologia avançada,rio grande do norte,1-10,celulalaboratorio.com.br
brazil,,HLeCvgOh5b5tVbWaLZTt4QUi1IlQ,hospital & health care,linkedin.com/company/centro-médico-dr.-andré-noronha,bom jesus da lapa,centro médico dr. andré noronha,bahia,1-10,
brazil,,XqLIAvbN9I7nZqFtMBPKDQQaadlY,hospital & health care,linkedin.com/company/laboratorio-ellinger,marília,laboratorio ellinger,são paulo,1-10,labellinger.com.br
brazil,,tgSzrkgRzSSx8KoBTPe5ZgTaKf5J,hospital & health care,linkedin.com/company/clinica-medica-astarte,sao paulo,clinica medica astarte,são paulo,1-10,clinicaastarte.com.br
brazil,2015,nDC3iTxOEvnqICl4nG6I8g75vWiv,hospital & health care,linkedin.com/company/techsul-medical,barra velha,techsul medical,santa catarina,11-50,techsulmedical.com.br
brazil,,AARqjDFDq9ImWWSGjnKYaAc83lx2,hospital & health care,linkedin.com/company/ssmpt---serviço-de-segurança-e-medicina-preventiva-do-trabalho,campinas,ssmpt - serviço de segurança e medicina preventiva do trabalho,são paulo,1-10,ssmpt.com.br
brazil,,sECltpXBF2Bx7ZiB5DC4hwtWsLRn,hospital & health care,linkedin.com/company/consórcio-público-de-saúde-vale-do-teles-pires,sorriso,consórcio público de saúde vale do teles pires,mato grosso,1-10,consorciovaledotelespires.com.br
brazil,,h56S2jCrELN5EAMQlBMSXQEjEkLv,hospital & health care,linkedin.com/company/lar-para-idosos-nossa-sra.-de-fátima,alto da glória,lar para idosos nossa sra. de fátima,paraná,1-10,laraltodagloria.com.br
brazil,,k4TSOdgykk6sqocWGeVsMg4Vi3ls,hospital & health care,linkedin.com/company/oncology-vital-centro-clínico,brasília,oncology vital centro clínico,federal district,1-10,vitalcentroclinico.com.br
brazil,,Owgx7a6MXrqpfYaDt4z2UQNJbbjY,hospital & health care,linkedin.com/company/clínica-de-repouso-brilho-do-sol,são josé do calçado,clínica de repouso brilho do sol,espírito santo,1-10,clinica-de-repouso-brilho-do-sol.negocio.site
brazil,,WlCi4dUvBLUmYG8IRjYxLwP1lPu9,hospital & health care,linkedin.com/company/simone-campos-home-care-curitiba,curitiba,simone campos | home care curitiba,paraná,1-10,homecarecuritiba.com.br
brazil,,NCBlFY6acT9BBekwKDcghAgMcaNr,hospital & health care,linkedin.com/company/antunessst,socorro,antunes saúde e segurança do trabalho,são paulo,1-10,
brazil,1994,YClc9I5TpEt9mdkTDUFLTwlzkUJh,hospital & health care,linkedin.com/company/som-&-lab,governador valadares,som&lab - laboratório de análises clínicas,minas gerais,11-50,
brazil,,vlUJYHTZ9hgeFeB20RIMXAqvFvCq,hospital & health care,linkedin.com/company/asbai-rj,copacabana,asbai-rj,rio de janeiro,1-10,asbairj.org.br
brazil,,rrgo1KFOqAAZ8OLS8dkfUgFrjS2T,hospital & health care,linkedin.com/company/j.-e-a.-laboratorio-de-analises-clinicas,timbaúba,j. e a. laboratorio de analises clinicas,pernambuco,1-10,jlsaude.com.br
brazil,,2BFBzf4Ybot2yBKB8OCFfg42Wk6Q,hospital & health care,linkedin.com/company/dra-erika-martins,diadema,dra erika martins,são paulo,1-10,draerikamartins.com.br
brazil,,9WnVQ4Mev5COCMXOafksHwQxd2cK,hospital & health care,linkedin.com/company/crescetrat,salvador,crescetrat,bahia,1-10,crescetrat.com.br
brazil,2003,CUZ5CWBnouITCwEmrF7vlQQdhU4A,hospital & health care,linkedin.com/company/intertech-surgical,,intertech surgical,são paulo,11-50,intertechsurgical.com.br
brazil,,7XWQHSrJfWqoNEqCDkYyIgHm1Z66,hospital & health care,linkedin.com/company/uroderma---clinica-de-urologia-e-dermatologia,jundiaí,uroderma - clinica de urologia e dermatologia,são paulo,1-10,dermaluz.com.br
brazil,,CI23yrK57RWTPIRnEc8KGQjXgKla,hospital & health care,linkedin.com/company/home-care-higienópolis,sítio santa cecilia,home care higienópolis,são paulo,1-10,homecarehigienopolis.com.br
brazil,1996,MOOj1PERIgUEMP5cFHpZ7w2D3ivk,hospital & health care,linkedin.com/company/clínica-sol-soluções-em-diagnóstico,contagem,clínica sol,minas gerais,11-50,soldiagnosticos.com.br
brazil,,RtrH9ilrGB7TGCUN6xeBDQGwgDKW,hospital & health care,linkedin.com/company/servico-de-cirurgia-cardiovascular-de-joinville,joinvile,servico de cirurgia cardiovascular de joinville,santa catarina,1-10,ccmi.com.br
brazil,,YNgASHIFSSY98iSrBmfBcgxJycZl,hospital & health care,linkedin.com/company/labcaltec-qd,belo horizonte,labcaltec qd,minas gerais,11-50,labcaltec.com.br
brazil,,l5DAG2G3UhW1WyNOsGRx0QwaGGzQ,hospital & health care,linkedin.com/company/day-hospital-de-itaqua,itaquaquecetuba,day hospital de itaqua,são paulo,1-10,
brazil,1992,1qS5yxGQvBcrrjsevy3iHQel1Qvq,hospital & health care,linkedin.com/company/hospitalhto,feira de santana,hto - hospital geral,bahia,51-200,hto.com.br
brazil,,468w51Lrmggc2bwnHM8mGA5MjTrY,hospital & health care,linkedin.com/company/psicóloga-lorena-karina,uberaba,psicóloga lorena karina,minas gerais,1-10,psicologalorenakarina.com.br
brazil,2007,ABocbRD62PHCRVLt4E4PLgfW1uvv,hospital & health care,linkedin.com/company/clínica-premium-care,,rede altana,são paulo,501-1000,premiumcare.com.br
brazil,,t3BDf3PhXGWZVsDuqhgXywXzqfrh,hospital & health care,linkedin.com/company/odontologia-pais-&-filhos,maringá,odontologia pais & filhos,paraná,1-10,odontologiapaisefilhos.com
brazil,,2MLB5jIxpgvk0MWxqbFhgAPCplRj,hospital & health care,linkedin.com/company/issa-odontologia,boa vista,issa odontologia,roraima,1-10,issaodontologia.negocio.site
brazil,,izAPbQegCgYVZDfiuiFClg8hjjrw,hospital & health care,linkedin.com/company/zdi-diagnostico-por-imagem,sao paulo,zdi diagnostico por imagem,são paulo,51-200,zdidiagnosticos.com.br
brazil,,naqZdBLawmFvcEzZNSy0FQ6zQRXY,hospital & health care,linkedin.com/company/vidar-clinica-de-cirurgia-do-aparelho-digestivo,blumenau,vidar clinica de cirurgia do aparelho digestivo,santa catarina,1-10,vidar.com.br
brazil,,nKp7GRLiI8vuXCkGuKutOAxoenI0,hospital & health care,linkedin.com/company/andreazza-medicina-diagnostica,osasco,andreazza medicina diagnostica,são paulo,1-10,
brazil,,J3gfdcqVlnXHIjWl01aCxgXdjyqz,hospital & health care,linkedin.com/company/clinica-odontologica-paraiba,joão pessoa,clinica odontologica paraiba,paraíba,11-50,
brazil,2018,04I0RqG1sJMVBkSwU7MNJQF7yE59,hospital & health care,linkedin.com/company/kora-saúde,vila nova conceição,kora saúde,são paulo,10001+,korasaude.com.br
brazil,,v5e4xWi3oVuKyzU05UVzvQCLJj9W,hospital & health care,linkedin.com/company/hospital-alemão-oswaldo-cruz-unidade-vergueiro-,,hospital alemão oswaldo cruz (unidade vergueiro),são paulo,1-10,
brazil,,HQjbZMIBqB0kI1AoVYzabwFADijM,hospital & health care,linkedin.com/company/alô-farmácia,teresina,alô farmácia,piauí,1-10,clinicadmi.com
brazil,,PFtANBux73NJJU1fxbhtCw9jpufZ,hospital & health care,linkedin.com/company/arquitetos-do-sorriso,centro,arquitetos do sorriso,espírito santo,1-10,arquitetos-do-sorriso-odontologia.negocio.site
brazil,,1sOjMd2hZdGfKRPqU7uSVQ4ZNS0o,hospital & health care,linkedin.com/company/hemosul,campo bom,hemosul,rio grande do sul,1-10,hemosul.ms.gov.br
brazil,,8n7zuS0JYQzgDcenQZkD1QU6XN30,hospital & health care,linkedin.com/company/clinica-silvio-franca,araguari,clinica silvio franca,minas gerais,11-50,clinicasilviofranca.com.br
brazil,2016,nGddEqvz1TVsNnlL8pZteQbYuVh9,hospital & health care,linkedin.com/company/instituto-contra-a-dor,,instituto contra a dor,são paulo,1-10,institutocontraador.com.br
brazil,,EfLAtr91roAMj0OrhCnNHgyJmKiC,hospital & health care,linkedin.com/company/l-a-diagnosticos-servicos-medicos,macaé,l a diagnosticos servicos medicos,rio de janeiro,11-50,ultracor.com.br
brazil,2008,9cbNWPxlcpsTJ4B476zR3wqJ5edZ,hospital & health care,linkedin.com/company/oncotrata,porto alegre,oncotrata clínica médica,rio grande do sul,11-50,
brazil,,rWNBPvfPa24HFkCay5wMWQblMdko,hospital & health care,linkedin.com/company/espaco-odonto-harmonia,americana,espaco odonto harmonia,são paulo,1-10,espacoodontoharmonia.com.br
brazil,,5gFNFMWSwcgnFsqg45UC7gxeVZLV,hospital & health care,linkedin.com/company/proctogastro-prestacao-de-servicos-medicos,belem,proctogastro prestacao de servicos medicos,pará,1-10,proctogastro.com.br
brazil,,XwAQ5xrvTcECVSJFdU4ZOA7SP1CZ,hospital & health care,linkedin.com/company/clínica-abla,echaporã,clínica abla,são paulo,1-10,clinicaabla.com.br
brazil,2018,NNpk4O8BekGsjGH0Yk5AGgrdXdme,hospital & health care,linkedin.com/company/altmedsaude,bragança paulista,altmed saúde,são paulo,1-10,clinicaaltiora.com.br
brazil,,7am1PdhxfNC69Nf62Y3uSg0uv97k,hospital & health care,linkedin.com/company/clínica-hysteron-medicina-da-mulher,barra da tijuca,clínica hysteron medicina da mulher,rio de janeiro,1-10,hysteron.com.br
brazil,,7n8WzGRsnRzASxhhu9Ww3wUjx4Nj,hospital & health care,linkedin.com/company/grupo-odontologico-cristiano-thomas,belo horizonte,grupo odontologico cristiano thomas,minas gerais,1-10,superaodontologia.com.br
brazil,,6bVvjSRF2MAhPWsepNt9dATgFGgX,hospital & health care,linkedin.com/company/clinica-de-ortodontia-especializada,salvador,clinica de ortodontia especializada,bahia,1-10,
brazil,2015,KazihsKvVROsmBOaM9zBDgfKv9pR,hospital & health care,linkedin.com/company/emurge-emergencias-e-urgencias,,emurge emergencias e urgencias especializadas,são paulo,1-10,
brazil,2017,r8gUB72SS8ryUhJrsNHLsQJZOmem,hospital & health care,linkedin.com/company/clinica-gastrus,aracaju,clínica gastrus,sergipe,1-10,clinicagastrus.com.br
brazil,,6i5Hs6pNyVCFdB0jz7keBAfuXUYH,hospital & health care,linkedin.com/company/clínica-de-imagem-do-ceará,fortaleza,clínica de imagem do ceará,ceará,1-10,clinicadeimagemce.com.br
brazil,,kXZnwPox3a36cqsHV5ABZgNt8BkW,hospital & health care,linkedin.com/company/unimed-curitiba-participacoes,curitiba,unimed curitiba participacoes,paraná,51-200,
